Server, Tagname,Estimation, Timestamp, Questionable, Annotated, Substituted,,,LIT-301,z(k),,g(k),,
D8CF2232, ERROR_P1_Ls,970.1746, 26/1/2016 2:22:00 AM, False, Not Annotated, False,,,969.9837,0.1909,,0.007827077,,
D8CF2232, ERROR_P1_Ls,970.2913, 26/1/2016 2:22:01 AM, False, Not Annotated, False,,,970.5444,0.2531,,0.013758531,,
D8CF2232, ERROR_P1_Ls,970.4091, 26/1/2016 2:22:02 AM, False, Not Annotated, False,,,970.6245,0.2154,,0.009965043,,
D8CF2232, ERROR_P1_Ls,970.6369, 26/1/2016 2:22:03 AM, False, Not Annotated, False,,,970.5444,0.0925,,0.001837686,,
D8CF2232, ERROR_P1_Ls,970.8569, 26/1/2016 2:22:04 AM, False, Not Annotated, False,,,970.4644,0.3925,,0.033087739,,0.214777017
D8CF2232, ERROR_P1_Ls,970.9292, 26/1/2016 2:22:05 AM, False, Not Annotated, False,,,969.9837,0.9455,,0.192004248,,
D8CF2232, ERROR_P1_Ls,970.9437, 26/1/2016 2:22:06 AM, False, Not Annotated, False,,,970.3442,0.5995,,0.077190907,,
D8CF2232, ERROR_P1_Ls,970.8708, 26/1/2016 2:22:07 AM, False, Not Annotated, False,,,970.1439,0.7269,,0.113484647,,
D8CF2232, ERROR_P1_Ls,970.841, 26/1/2016 2:22:08 AM, False, Not Annotated, False,,,970.1439,0.6971,,0.104370542,,
D8CF2232, ERROR_P1_Ls,970.8195, 26/1/2016 2:22:09 AM, False, Not Annotated, False,,,970.0638,0.7557,,0.122655384,,
D8CF2232, ERROR_P1_Ls,970.8155, 26/1/2016 2:22:10 AM, False, Not Annotated, False,,,970.184,0.6315,,0.085651403,,
D8CF2232, ERROR_P1_Ls,970.8721, 26/1/2016 2:22:11 AM, False, Not Annotated, False,,,970.3842,0.4879,,0.051126894,,
D8CF2232, ERROR_P1_Ls,970.8513, 26/1/2016 2:22:12 AM, False, Not Annotated, False,,,970.6646,0.1867,,0.007486458,,
D8CF2232, ERROR_P1_Ls,970.8961, 26/1/2016 2:22:13 AM, False, Not Annotated, False,,,970.7847,0.1114,,0.002665374,,
D8CF2232, ERROR_P1_Ls,970.9514, 26/1/2016 2:22:14 AM, False, Not Annotated, False,,,970.8649,0.0865,,0.001607015,,
D8CF2232, ERROR_P1_Ls,971.0275, 26/1/2016 2:22:15 AM, False, Not Annotated, False,,,971.1453,0.1178,,0.002980426,,
D8CF2232, ERROR_P1_Ls,971.2001, 26/1/2016 2:22:16 AM, False, Not Annotated, False,,,970.9449,0.2552,,0.01398779,,
D8CF2232, ERROR_P1_Ls,971.3461, 26/1/2016 2:22:17 AM, False, Not Annotated, False,,,970.9449,0.4012,,0.034570815,,
D8CF2232, ERROR_P1_Ls,971.4131, 26/1/2016 2:22:18 AM, False, Not Annotated, False,,,971.3455,0.0676,,0.000981479,,
D8CF2232, ERROR_P1_Ls,971.4484, 26/1/2016 2:22:19 AM, False, Not Annotated, False,,,970.8649,0.5835,,0.073125608,,
D8CF2232, ERROR_P1_Ls,971.4995, 26/1/2016 2:22:20 AM, False, Not Annotated, False,,,970.7847,0.7148,,0.109737954,,
D8CF2232, ERROR_P1_Ls,971.4407, 26/1/2016 2:22:21 AM, False, Not Annotated, False,,,970.6646,0.7761,,0.12936689,,
D8CF2232, ERROR_P1_Ls,971.3637, 26/1/2016 2:22:22 AM, False, Not Annotated, False,,,970.6245,0.7392,,0.117357727,,
D8CF2232, ERROR_P1_Ls,971.3096, 26/1/2016 2:22:23 AM, False, Not Annotated, False,,,970.4644,0.8452,,0.153428751,,
D8CF2232, ERROR_P1_Ls,971.2477, 26/1/2016 2:22:24 AM, False, Not Annotated, False,,,970.1439,1.1038,,0.261678807,,
D8CF2232, ERROR_P1_Ls,971.2477, 26/1/2016 2:22:25 AM, False, Not Annotated, False,,,970.1439,1.1038,,0.261678807,,
D8CF2232, ERROR_P1_Ls,971.1448, 26/1/2016 2:22:26 AM, False, Not Annotated, False,,,969.9436,1.2012,,0.309897747,,
D8CF2232, ERROR_P1_Ls,971.0134, 26/1/2016 2:22:27 AM, False, Not Annotated, False,,,970.0237,0.9897,,0.210375379,,
D8CF2232, ERROR_P1_Ls,970.814, 26/1/2016 2:22:28 AM, False, Not Annotated, False,,,970.3442,0.4698,,0.04740387,,
D8CF2232, ERROR_P1_Ls,970.757, 26/1/2016 2:22:29 AM, False, Not Annotated, False,,,969.9837,0.7733,,0.128435119,,
D8CF2232, ERROR_P1_Ls,970.8, 26/1/2016 2:22:30 AM, False, Not Annotated, False,,,970.1439,0.6561,,0.092454456,,
D8CF2232, ERROR_P1_Ls,970.8057, 26/1/2016 2:22:31 AM, False, Not Annotated, False,,,970.184,0.6217,,0.083013649,,
D8CF2232, ERROR_P1_Ls,970.8573, 26/1/2016 2:22:32 AM, False, Not Annotated, False,,,970.224,0.6333,,0.086140373,,
D8CF2232, ERROR_P1_Ls,970.8342, 26/1/2016 2:22:33 AM, False, Not Annotated, False,,,970.0638,0.7704,,0.12747362,,
D8CF2232, ERROR_P1_Ls,970.8081, 26/1/2016 2:22:34 AM, False, Not Annotated, False,,,970.1439,0.6642,,0.094751374,,
D8CF2232, ERROR_P1_Ls,970.7542, 26/1/2016 2:22:35 AM, False, Not Annotated, False,,,970.3842,0.37,,0.029402971,,
D8CF2232, ERROR_P1_Ls,970.6915, 26/1/2016 2:22:36 AM, False, Not Annotated, False,,,970.0237,0.6678,,0.095781272,,
D8CF2232, ERROR_P1_Ls,970.6589, 26/1/2016 2:22:37 AM, False, Not Annotated, False,,,970.1439,0.515,,0.05696423,,
D8CF2232, ERROR_P1_Ls,970.6241, 26/1/2016 2:22:38 AM, False, Not Annotated, False,,,970.7447,0.1206,,0.003123794,,
D8CF2232, ERROR_P1_Ls,970.5854, 26/1/2016 2:22:39 AM, False, Not Annotated, False,,,971.2654,0.68,,0.099312885,,
D8CF2232, ERROR_P1_Ls,971.0203, 26/1/2016 2:22:40 AM, False, Not Annotated, False,,,968.1453,2.875,,1.775266141,,
D8CF2232, ERROR_P1_Ls,970.3296, 26/1/2016 2:22:41 AM, False, Not Annotated, False,,,968.1453,2.1843,,1.024736825,,
D8CF2232, ERROR_P1_Ls,969.8438, 26/1/2016 2:22:42 AM, False, Not Annotated, False,,,968.1453,1.6985,,0.619610651,,
D8CF2232, ERROR_P1_Ls,969.2615, 26/1/2016 2:22:43 AM, False, Not Annotated, False,,,968.1453,1.1162,,0.267591188,,
D8CF2232, ERROR_P1_Ls,969.0931, 26/1/2016 2:22:44 AM, False, Not Annotated, False,,,968.1453,0.9478,,0.192939514,,
D8CF2232, ERROR_P1_Ls,968.9748, 26/1/2016 2:22:45 AM, False, Not Annotated, False,,,968.1453,0.8295,,0.147781664,,
D8CF2232, ERROR_P1_Ls,968.8932, 26/1/2016 2:22:46 AM, False, Not Annotated, False,,,968.1453,0.7479,,0.120136462,,
D8CF2232, ERROR_P1_Ls,968.8351, 26/1/2016 2:22:47 AM, False, Not Annotated, False,,,968.1453,0.6898,,0.10219606,,
D8CF2232, ERROR_P1_Ls,968.7937, 26/1/2016 2:22:48 AM, False, Not Annotated, False,,,968.1453,0.6484,,0.090297096,,
D8CF2232, ERROR_P1_Ls,968.7646, 26/1/2016 2:22:49 AM, False, Not Annotated, False,,,968.1453,0.6193,,0.082373958,,
D8CF2232, ERROR_P1_Ls,968.7441, 26/1/2016 2:22:50 AM, False, Not Annotated, False,,,968.1453,0.5988,,0.07701075,,
D8CF2232, ERROR_P1_Ls,968.7312, 26/1/2016 2:22:51 AM, False, Not Annotated, False,,,968.1453,0.5859,,0.073728393,,
D8CF2232, ERROR_P1_Ls,968.7221, 26/1/2016 2:22:52 AM, False, Not Annotated, False,,,968.1453,0.5768,,0.07145593,,
D8CF2232, ERROR_P1_Ls,968.7221, 26/1/2016 2:22:53 AM, False, Not Annotated, False,,,968.1453,0.5768,,0.07145593,,
D8CF2232, ERROR_P1_Ls,968.715, 26/1/2016 2:22:54 AM, False, Not Annotated, False,,,968.1453,0.5697,,0.069707613,,
D8CF2232, ERROR_P1_Ls,968.709, 26/1/2016 2:22:55 AM, False, Not Annotated, False,,,968.1453,0.5637,,0.068247043,,
D8CF2232, ERROR_P1_Ls,968.7032, 26/1/2016 2:22:56 AM, False, Not Annotated, False,,,968.1453,0.5579,,0.066849859,,
D8CF2232, ERROR_P1_Ls,968.7007, 26/1/2016 2:22:57 AM, False, Not Annotated, False,,,968.1453,0.5554,,0.066252081,,
D8CF2232, ERROR_P1_Ls,968.6984, 26/1/2016 2:22:58 AM, False, Not Annotated, False,,,968.1453,0.5531,,0.065704496,,
D8CF2232, ERROR_P1_Ls,968.6953, 26/1/2016 2:22:59 AM, False, Not Annotated, False,,,968.1453,0.55,,0.064970042,,
D8CF2232, ERROR_P1_Ls,968.6948, 26/1/2016 2:23:00 AM, False, Not Annotated, False,,,968.1453,0.5495,,0.064851969,,
D8CF2232, ERROR_P1_Ls,968.6944, 26/1/2016 2:23:01 AM, False, Not Annotated, False,,,968.1453,0.5491,,0.064757587,,
D8CF2232, ERROR_P1_Ls,968.6944, 26/1/2016 2:23:02 AM, False, Not Annotated, False,,,968.1453,0.5491,,0.064757587,,
D8CF2232, ERROR_P1_Ls,968.6957, 26/1/2016 2:23:03 AM, False, Not Annotated, False,,,968.1453,0.5504,,0.065064579,,
D8CF2232, ERROR_P1_Ls,968.6966, 26/1/2016 2:23:04 AM, False, Not Annotated, False,,,968.1453,0.5513,,0.065277537,,
D8CF2232, ERROR_P1_Ls,968.6972, 26/1/2016 2:23:05 AM, False, Not Annotated, False,,,968.1453,0.5519,,0.065419702,,
D8CF2232, ERROR_P1_Ls,968.6957, 26/1/2016 2:23:06 AM, False, Not Annotated, False,,,968.1453,0.5504,,0.065064579,,
D8CF2232, ERROR_P1_Ls,968.6938, 26/1/2016 2:23:07 AM, False, Not Annotated, False,,,968.1453,0.5485,,0.064616144,,
D8CF2232, ERROR_P1_Ls,968.6923, 26/1/2016 2:23:08 AM, False, Not Annotated, False,,,968.1453,0.547,,0.064263211,,
D8CF2232, ERROR_P1_Ls,968.6923, 26/1/2016 2:23:09 AM, False, Not Annotated, False,,,968.1453,0.547,,0.064263211,,
D8CF2232, ERROR_P1_Ls,968.6913, 26/1/2016 2:23:10 AM, False, Not Annotated, False,,,968.1453,0.546,,0.06402846,,
D8CF2232, ERROR_P1_Ls,968.6897, 26/1/2016 2:23:11 AM, False, Not Annotated, False,,,968.1453,0.5444,,0.063653752,,
D8CF2232, ERROR_P1_Ls,968.6899, 26/1/2016 2:23:12 AM, False, Not Annotated, False,,,968.1453,0.5446,,0.06370053,,
D8CF2232, ERROR_P1_Ls,968.6902, 26/1/2016 2:23:13 AM, False, Not Annotated, False,,,968.1453,0.5449,,0.06377073,,
D8CF2232, ERROR_P1_Ls,968.6924, 26/1/2016 2:23:14 AM, False, Not Annotated, False,,,968.1453,0.5471,,0.06428671,,
D8CF2232, ERROR_P1_Ls,968.6944, 26/1/2016 2:23:15 AM, False, Not Annotated, False,,,968.1453,0.5491,,0.064757587,,
D8CF2232, ERROR_P1_Ls,968.6959, 26/1/2016 2:23:16 AM, False, Not Annotated, False,,,968.1453,0.5506,,0.065111873,,
D8CF2232, ERROR_P1_Ls,968.6957, 26/1/2016 2:23:17 AM, False, Not Annotated, False,,,968.1453,0.5504,,0.065064579,,
D8CF2232, ERROR_P1_Ls,968.6954, 26/1/2016 2:23:18 AM, False, Not Annotated, False,,,968.1453,0.5501,,0.06499367,,
D8CF2232, ERROR_P1_Ls,968.6941, 26/1/2016 2:23:19 AM, False, Not Annotated, False,,,968.1453,0.5488,,0.064686846,,
D8CF2232, ERROR_P1_Ls,968.6932, 26/1/2016 2:23:20 AM, False, Not Annotated, False,,,968.1453,0.5479,,0.064474855,,
D8CF2232, ERROR_P1_Ls,968.6925, 26/1/2016 2:23:21 AM, False, Not Annotated, False,,,968.1453,0.5472,,0.064310213,,
D8CF2232, ERROR_P1_Ls,968.6918, 26/1/2016 2:23:22 AM, False, Not Annotated, False,,,968.1453,0.5465,,0.064145782,,
D8CF2232, ERROR_P1_Ls,968.6922, 26/1/2016 2:23:23 AM, False, Not Annotated, False,,,968.1453,0.5469,,0.064239717,,
D8CF2232, ERROR_P1_Ls,968.695, 26/1/2016 2:23:24 AM, False, Not Annotated, False,,,968.1453,0.5497,,0.064899185,,
D8CF2232, ERROR_P1_Ls,968.6981, 26/1/2016 2:23:25 AM, False, Not Annotated, False,,,968.1453,0.5528,,0.06563324,,
D8CF2232, ERROR_P1_Ls,968.7005, 26/1/2016 2:23:26 AM, False, Not Annotated, False,,,968.1453,0.5552,,0.066204375,,
D8CF2232, ERROR_P1_Ls,968.7013, 26/1/2016 2:23:27 AM, False, Not Annotated, False,,,968.1453,0.556,,0.066395303,,
D8CF2232, ERROR_P1_Ls,968.7018, 26/1/2016 2:23:28 AM, False, Not Annotated, False,,,968.1453,0.5565,,0.066514772,,
D8CF2232, ERROR_P1_Ls,968.7022, 26/1/2016 2:23:29 AM, False, Not Annotated, False,,,968.1453,0.5569,,0.066610425,,
D8CF2232, ERROR_P1_Ls,968.7036, 26/1/2016 2:23:30 AM, False, Not Annotated, False,,,968.1453,0.5583,,0.066945752,,
D8CF2232, ERROR_P1_Ls,968.7061, 26/1/2016 2:23:31 AM, False, Not Annotated, False,,,968.1453,0.5608,,0.067546645,,
D8CF2232, ERROR_P1_Ls,968.7071, 26/1/2016 2:23:32 AM, False, Not Annotated, False,,,968.1453,0.5618,,0.067787754,,
D8CF2232, ERROR_P1_Ls,968.7071, 26/1/2016 2:23:33 AM, False, Not Annotated, False,,,968.1453,0.5618,,0.067787754,,
D8CF2232, ERROR_P1_Ls,968.7057, 26/1/2016 2:23:34 AM, False, Not Annotated, False,,,968.1453,0.5604,,0.067450322,,
D8CF2232, ERROR_P1_Ls,968.7059, 26/1/2016 2:23:35 AM, False, Not Annotated, False,,,968.1453,0.5606,,0.067498475,,
D8CF2232, ERROR_P1_Ls,968.7047, 26/1/2016 2:23:36 AM, False, Not Annotated, False,,,968.1453,0.5594,,0.067209814,,
D8CF2232, ERROR_P1_Ls,968.7038, 26/1/2016 2:23:37 AM, False, Not Annotated, False,,,968.1453,0.5585,,0.066993725,,
D8CF2232, ERROR_P1_Ls,968.7032, 26/1/2016 2:23:38 AM, False, Not Annotated, False,,,968.1453,0.5579,,0.066849859,,
D8CF2232, ERROR_P1_Ls,968.7028, 26/1/2016 2:23:39 AM, False, Not Annotated, False,,,968.1453,0.5575,,0.066754034,,
D8CF2232, ERROR_P1_Ls,968.7017, 26/1/2016 2:23:40 AM, False, Not Annotated, False,,,965.1453,3.5564,,2.716495407,,
D8CF2232, ERROR_P1_Ls,967.8105, 26/1/2016 2:23:41 AM, False, Not Annotated, False,,,965.1453,2.6652,,1.52562354,,
D8CF2232, ERROR_P1_Ls,967.1832, 26/1/2016 2:23:42 AM, False, Not Annotated, False,,,965.1453,2.0379,,0.891976701,,
D8CF2232, ERROR_P1_Ls,966.7426, 26/1/2016 2:23:43 AM, False, Not Annotated, False,,,965.1453,1.5973,,0.547975012,,
D8CF2232, ERROR_P1_Ls,966.4327, 26/1/2016 2:23:44 AM, False, Not Annotated, False,,,965.1453,1.2874,,0.355971133,,
D8CF2232, ERROR_P1_Ls,966.2148, 26/1/2016 2:23:45 AM, False, Not Annotated, False,,,965.1453,1.0695,,0.24566843,,
D8CF2232, ERROR_P1_Ls,966.0615, 26/1/2016 2:23:46 AM, False, Not Annotated, False,,,965.1453,0.9162,,0.180288633,,
D8CF2232, ERROR_P1_Ls,965.9537, 26/1/2016 2:23:47 AM, False, Not Annotated, False,,,965.1453,0.8084,,0.140359038,,
D8CF2232, ERROR_P1_Ls,965.8779, 26/1/2016 2:23:48 AM, False, Not Annotated, False,,,965.1453,0.7326,,0.115271409,,
D8CF2232, ERROR_P1_Ls,965.8232, 26/1/2016 2:23:49 AM, False, Not Annotated, False,,,965.1453,0.6779,,0.098700429,,
D8CF2232, ERROR_P1_Ls,965.7853, 26/1/2016 2:23:50 AM, False, Not Annotated, False,,,965.1453,0.64,,0.087972659,,
D8CF2232, ERROR_P1_Ls,965.7586, 26/1/2016 2:23:51 AM, False, Not Annotated, False,,,965.1453,0.6133,,0.080785553,,
D8CF2232, ERROR_P1_Ls,965.7387, 26/1/2016 2:23:52 AM, False, Not Annotated, False,,,965.1453,0.5934,,0.075628042,,
D8CF2232, ERROR_P1_Ls,965.723, 26/1/2016 2:23:53 AM, False, Not Annotated, False,,,965.1453,0.5777,,0.071679094,,
D8CF2232, ERROR_P1_Ls,965.712, 26/1/2016 2:23:54 AM, False, Not Annotated, False,,,965.1453,0.5667,,0.068975395,,
D8CF2232, ERROR_P1_Ls,965.7042, 26/1/2016 2:23:55 AM, False, Not Annotated, False,,,965.1453,0.5589,,0.067089722,,
D8CF2232, ERROR_P1_Ls,965.6987, 26/1/2016 2:23:56 AM, False, Not Annotated, False,,,965.1453,0.5534,,0.065775791,,
D8CF2232, ERROR_P1_Ls,965.6959, 26/1/2016 2:23:57 AM, False, Not Annotated, False,,,965.1453,0.5506,,0.065111873,,
D8CF2232, ERROR_P1_Ls,965.6952, 26/1/2016 2:23:58 AM, False, Not Annotated, False,,,965.1453,0.5499,,0.064946419,,
D8CF2232, ERROR_P1_Ls,965.6956, 26/1/2016 2:23:59 AM, False, Not Annotated, False,,,965.1453,0.5503,,0.065040938,,
D8CF2232, ERROR_P1_Ls,965.6956, 26/1/2016 2:24:00 AM, False, Not Annotated, False,,,965.1453,0.5503,,0.065040938,,
D8CF2232, ERROR_P1_Ls,965.6947, 26/1/2016 2:24:01 AM, False, Not Annotated, False,,,965.1453,0.5494,,0.064828367,,
D8CF2232, ERROR_P1_Ls,965.6941, 26/1/2016 2:24:02 AM, False, Not Annotated, False,,,965.1453,0.5488,,0.064686846,,
D8CF2232, ERROR_P1_Ls,965.6939, 26/1/2016 2:24:03 AM, False, Not Annotated, False,,,965.1453,0.5486,,0.064639707,,
D8CF2232, ERROR_P1_Ls,965.6938, 26/1/2016 2:24:04 AM, False, Not Annotated, False,,,965.1453,0.5485,,0.064616144,,
D8CF2232, ERROR_P1_Ls,965.6938, 26/1/2016 2:24:05 AM, False, Not Annotated, False,,,965.1453,0.5485,,0.064616144,,
D8CF2232, ERROR_P1_Ls,965.6937, 26/1/2016 2:24:06 AM, False, Not Annotated, False,,,965.1453,0.5484,,0.064592585,,
D8CF2232, ERROR_P1_Ls,965.6958, 26/1/2016 2:24:07 AM, False, Not Annotated, False,,,965.1453,0.5505,,0.065088224,,
D8CF2232, ERROR_P1_Ls,965.6968, 26/1/2016 2:24:08 AM, False, Not Annotated, False,,,965.1453,0.5515,,0.065324908,,
D8CF2232, ERROR_P1_Ls,965.6968, 26/1/2016 2:24:09 AM, False, Not Annotated, False,,,965.1453,0.5515,,0.065324908,,
D8CF2232, ERROR_P1_Ls,965.6972, 26/1/2016 2:24:10 AM, False, Not Annotated, False,,,965.1453,0.5519,,0.065419702,,
D8CF2232, ERROR_P1_Ls,965.6981, 26/1/2016 2:24:11 AM, False, Not Annotated, False,,,965.1453,0.5528,,0.06563324,,
D8CF2232, ERROR_P1_Ls,965.6996, 26/1/2016 2:24:12 AM, False, Not Annotated, False,,,965.1453,0.5543,,0.065989909,,
D8CF2232, ERROR_P1_Ls,965.7, 26/1/2016 2:24:13 AM, False, Not Annotated, False,,,965.1453,0.5547,,0.066085184,,
D8CF2232, ERROR_P1_Ls,965.7, 26/1/2016 2:24:14 AM, False, Not Annotated, False,,,965.1453,0.5547,,0.066085184,,
D8CF2232, ERROR_P1_Ls,965.6998, 26/1/2016 2:24:15 AM, False, Not Annotated, False,,,965.1453,0.5545,,0.066037538,,
D8CF2232, ERROR_P1_Ls,965.6996, 26/1/2016 2:24:16 AM, False, Not Annotated, False,,,965.1453,0.5543,,0.065989909,,
D8CF2232, ERROR_P1_Ls,965.6996, 26/1/2016 2:24:17 AM, False, Not Annotated, False,,,965.1453,0.5543,,0.065989909,,
D8CF2232, ERROR_P1_Ls,965.7024, 26/1/2016 2:24:18 AM, False, Not Annotated, False,,,965.1453,0.5571,,0.066658278,,
D8CF2232, ERROR_P1_Ls,965.7047, 26/1/2016 2:24:19 AM, False, Not Annotated, False,,,965.1453,0.5594,,0.067209814,,
D8CF2232, ERROR_P1_Ls,965.7062, 26/1/2016 2:24:20 AM, False, Not Annotated, False,,,965.1453,0.5609,,0.067570736,,
D8CF2232, ERROR_P1_Ls,965.7062, 26/1/2016 2:24:21 AM, False, Not Annotated, False,,,965.1453,0.5609,,0.067570736,,
D8CF2232, ERROR_P1_Ls,965.7064, 26/1/2016 2:24:22 AM, False, Not Annotated, False,,,965.1453,0.5611,,0.067618932,,
D8CF2232, ERROR_P1_Ls,965.7064, 26/1/2016 2:24:23 AM, False, Not Annotated, False,,,965.1453,0.5611,,0.067618932,,
D8CF2232, ERROR_P1_Ls,965.7064, 26/1/2016 2:24:24 AM, False, Not Annotated, False,,,965.1453,0.5611,,0.067618932,,
D8CF2232, ERROR_P1_Ls,965.7064, 26/1/2016 2:24:25 AM, False, Not Annotated, False,,,965.1453,0.5611,,0.067618932,,
D8CF2232, ERROR_P1_Ls,965.7059, 26/1/2016 2:24:26 AM, False, Not Annotated, False,,,965.1453,0.5606,,0.067498475,,
D8CF2232, ERROR_P1_Ls,965.7051, 26/1/2016 2:24:27 AM, False, Not Annotated, False,,,965.1453,0.5598,,0.067305966,,
D8CF2232, ERROR_P1_Ls,965.7045, 26/1/2016 2:24:28 AM, False, Not Annotated, False,,,965.1453,0.5592,,0.067161764,,
D8CF2232, ERROR_P1_Ls,965.7033, 26/1/2016 2:24:29 AM, False, Not Annotated, False,,,965.1453,0.558,,0.066873826,,
D8CF2232, ERROR_P1_Ls,965.7023, 26/1/2016 2:24:30 AM, False, Not Annotated, False,,,965.1453,0.557,,0.066634349,,
D8CF2232, ERROR_P1_Ls,965.7001, 26/1/2016 2:24:31 AM, False, Not Annotated, False,,,965.1453,0.5548,,0.066109014,,
D8CF2232, ERROR_P1_Ls,965.6985, 26/1/2016 2:24:32 AM, False, Not Annotated, False,,,965.1453,0.5532,,0.065728257,,
D8CF2232, ERROR_P1_Ls,965.6974, 26/1/2016 2:24:33 AM, False, Not Annotated, False,,,965.1453,0.5521,,0.065467125,,
D8CF2232, ERROR_P1_Ls,965.6955, 26/1/2016 2:24:34 AM, False, Not Annotated, False,,,965.1453,0.5502,,0.065017302,,
D8CF2232, ERROR_P1_Ls,965.693, 26/1/2016 2:24:35 AM, False, Not Annotated, False,,,965.1453,0.5477,,0.064427793,,
D8CF2232, ERROR_P1_Ls,965.6913, 26/1/2016 2:24:36 AM, False, Not Annotated, False,,,965.1453,0.546,,0.06402846,,
D8CF2232, ERROR_P1_Ls,965.691, 26/1/2016 2:24:37 AM, False, Not Annotated, False,,,965.1453,0.5457,,0.063958119,,
D8CF2232, ERROR_P1_Ls,965.6913, 26/1/2016 2:24:38 AM, False, Not Annotated, False,,,965.1453,0.546,,0.06402846,,
D8CF2232, ERROR_P1_Ls,965.6932, 26/1/2016 2:24:39 AM, False, Not Annotated, False,,,965.1453,0.5479,,0.064474855,,
D8CF2232, ERROR_P1_Ls,965.6946, 26/1/2016 2:24:40 AM, False, Not Annotated, False,,,965.1453,0.5493,,0.064804769,,
D8CF2232, ERROR_P1_Ls,964.8065, 26/1/2016 2:24:41 AM, False, Not Annotated, False,,,962.1453,2.6612,,1.521047587,,
D8CF2232, ERROR_P1_Ls,964.1818, 26/1/2016 2:24:42 AM, False, Not Annotated, False,,,962.1453,2.0365,,0.890751579,,
D8CF2232, ERROR_P1_Ls,963.7424, 26/1/2016 2:24:43 AM, False, Not Annotated, False,,,962.1453,1.5971,,0.547837796,,
D8CF2232, ERROR_P1_Ls,963.4341, 26/1/2016 2:24:44 AM, False, Not Annotated, False,,,962.1453,1.2888,,0.356745765,,
D8CF2232, ERROR_P1_Ls,963.2165, 26/1/2016 2:24:45 AM, False, Not Annotated, False,,,962.1453,1.0712,,0.246450044,,
D8CF2232, ERROR_P1_Ls,963.0627, 26/1/2016 2:24:46 AM, False, Not Annotated, False,,,962.1453,0.9174,,0.180761212,,
D8CF2232, ERROR_P1_Ls,962.9536, 26/1/2016 2:24:47 AM, False, Not Annotated, False,,,962.1453,0.8083,,0.140324315,,
D8CF2232, ERROR_P1_Ls,962.8779, 26/1/2016 2:24:48 AM, False, Not Annotated, False,,,962.1453,0.7326,,0.115271409,,
D8CF2232, ERROR_P1_Ls,962.8266, 26/1/2016 2:24:49 AM, False, Not Annotated, False,,,962.1453,0.6813,,0.099692974,,
D8CF2232, ERROR_P1_Ls,962.7896, 26/1/2016 2:24:50 AM, False, Not Annotated, False,,,962.1453,0.6443,,0.089158763,,
D8CF2232, ERROR_P1_Ls,962.763, 26/1/2016 2:24:51 AM, False, Not Annotated, False,,,962.1453,0.6177,,0.081948871,,
D8CF2232, ERROR_P1_Ls,962.7443, 26/1/2016 2:24:52 AM, False, Not Annotated, False,,,962.1453,0.599,,0.077062202,,
D8CF2232, ERROR_P1_Ls,962.7303, 26/1/2016 2:24:53 AM, False, Not Annotated, False,,,962.1453,0.585,,0.073502059,,
D8CF2232, ERROR_P1_Ls,962.7202, 26/1/2016 2:24:54 AM, False, Not Annotated, False,,,962.1453,0.5749,,0.070985948,,
D8CF2232, ERROR_P1_Ls,962.7106, 26/1/2016 2:24:55 AM, False, Not Annotated, False,,,962.1453,0.5653,,0.068635017,,
D8CF2232, ERROR_P1_Ls,962.7036, 26/1/2016 2:24:56 AM, False, Not Annotated, False,,,962.1453,0.5583,,0.066945752,,
D8CF2232, ERROR_P1_Ls,962.6974, 26/1/2016 2:24:57 AM, False, Not Annotated, False,,,962.1453,0.5521,,0.065467125,,
D8CF2232, ERROR_P1_Ls,962.6935, 26/1/2016 2:24:58 AM, False, Not Annotated, False,,,962.1453,0.5482,,0.06454548,,
D8CF2232, ERROR_P1_Ls,962.6907, 26/1/2016 2:24:59 AM, False, Not Annotated, False,,,962.1453,0.5454,,0.063887816,,
D8CF2232, ERROR_P1_Ls,962.6892, 26/1/2016 2:25:00 AM, False, Not Annotated, False,,,962.1453,0.5439,,0.063536881,,
D8CF2232, ERROR_P1_Ls,962.6892, 26/1/2016 2:25:01 AM, False, Not Annotated, False,,,962.1453,0.5439,,0.063536881,,
D8CF2232, ERROR_P1_Ls,962.6907, 26/1/2016 2:25:02 AM, False, Not Annotated, False,,,962.1453,0.5454,,0.063887816,,
D8CF2232, ERROR_P1_Ls,962.6925, 26/1/2016 2:25:03 AM, False, Not Annotated, False,,,962.1453,0.5472,,0.064310213,,
D8CF2232, ERROR_P1_Ls,962.6947, 26/1/2016 2:25:04 AM, False, Not Annotated, False,,,962.1453,0.5494,,0.064828367,,
D8CF2232, ERROR_P1_Ls,962.6951, 26/1/2016 2:25:05 AM, False, Not Annotated, False,,,962.1453,0.5498,,0.0649228,,
D8CF2232, ERROR_P1_Ls,962.6951, 26/1/2016 2:25:06 AM, False, Not Annotated, False,,,962.1453,0.5498,,0.0649228,,
D8CF2232, ERROR_P1_Ls,962.6939, 26/1/2016 2:25:07 AM, False, Not Annotated, False,,,962.1453,0.5486,,0.064639707,,
D8CF2232, ERROR_P1_Ls,962.6934, 26/1/2016 2:25:08 AM, False, Not Annotated, False,,,962.1453,0.5481,,0.064521934,,
D8CF2232, ERROR_P1_Ls,962.6921, 26/1/2016 2:25:09 AM, False, Not Annotated, False,,,962.1453,0.5468,,0.064216227,,
D8CF2232, ERROR_P1_Ls,962.6921, 26/1/2016 2:25:10 AM, False, Not Annotated, False,,,962.1453,0.5468,,0.064216227,,
D8CF2232, ERROR_P1_Ls,962.6906, 26/1/2016 2:25:11 AM, False, Not Annotated, False,,,962.1453,0.5453,,0.06386439,,
D8CF2232, ERROR_P1_Ls,962.6911, 26/1/2016 2:25:12 AM, False, Not Annotated, False,,,962.1453,0.5458,,0.063981561,,
D8CF2232, ERROR_P1_Ls,962.6917, 26/1/2016 2:25:13 AM, False, Not Annotated, False,,,962.1453,0.5464,,0.064122309,,
D8CF2232, ERROR_P1_Ls,962.6937, 26/1/2016 2:25:14 AM, False, Not Annotated, False,,,962.1453,0.5484,,0.064592585,,
D8CF2232, ERROR_P1_Ls,962.6965, 26/1/2016 2:25:15 AM, False, Not Annotated, False,,,962.1453,0.5512,,0.065253857,,
D8CF2232, ERROR_P1_Ls,962.6985, 26/1/2016 2:25:16 AM, False, Not Annotated, False,,,962.1453,0.5532,,0.065728257,,
D8CF2232, ERROR_P1_Ls,962.6996, 26/1/2016 2:25:17 AM, False, Not Annotated, False,,,962.1453,0.5543,,0.065989909,,
D8CF2232, ERROR_P1_Ls,962.699, 26/1/2016 2:25:18 AM, False, Not Annotated, False,,,962.1453,0.5537,,0.065847125,,
D8CF2232, ERROR_P1_Ls,962.7001, 26/1/2016 2:25:19 AM, False, Not Annotated, False,,,962.1453,0.5548,,0.066109014,,
D8CF2232, ERROR_P1_Ls,962.7012, 26/1/2016 2:25:20 AM, False, Not Annotated, False,,,962.1453,0.5559,,0.066371422,,
D8CF2232, ERROR_P1_Ls,962.7023, 26/1/2016 2:25:21 AM, False, Not Annotated, False,,,962.1453,0.557,,0.066634349,,
D8CF2232, ERROR_P1_Ls,962.7028, 26/1/2016 2:25:22 AM, False, Not Annotated, False,,,962.1453,0.5575,,0.066754034,,
D8CF2232, ERROR_P1_Ls,962.703, 26/1/2016 2:25:23 AM, False, Not Annotated, False,,,962.1453,0.5577,,0.066801938,,
D8CF2232, ERROR_P1_Ls,962.703, 26/1/2016 2:25:24 AM, False, Not Annotated, False,,,962.1453,0.5577,,0.066801938,,
D8CF2232, ERROR_P1_Ls,962.7032, 26/1/2016 2:25:25 AM, False, Not Annotated, False,,,962.1453,0.5579,,0.066849859,,
D8CF2232, ERROR_P1_Ls,962.7034, 26/1/2016 2:25:26 AM, False, Not Annotated, False,,,962.1453,0.5581,,0.066897797,,
D8CF2232, ERROR_P1_Ls,962.7023, 26/1/2016 2:25:27 AM, False, Not Annotated, False,,,962.1453,0.557,,0.066634349,,
D8CF2232, ERROR_P1_Ls,962.7017, 26/1/2016 2:25:28 AM, False, Not Annotated, False,,,962.1453,0.5564,,0.06649087,,
D8CF2232, ERROR_P1_Ls,962.6993, 26/1/2016 2:25:29 AM, False, Not Annotated, False,,,962.1453,0.554,,0.065918498,,
D8CF2232, ERROR_P1_Ls,962.697, 26/1/2016 2:25:30 AM, False, Not Annotated, False,,,962.1453,0.5517,,0.065372296,,
D8CF2232, ERROR_P1_Ls,962.6954, 26/1/2016 2:25:31 AM, False, Not Annotated, False,,,962.1453,0.5501,,0.06499367,,
D8CF2232, ERROR_P1_Ls,962.6943, 26/1/2016 2:25:32 AM, False, Not Annotated, False,,,962.1453,0.549,,0.064734003,,
D8CF2232, ERROR_P1_Ls,962.6935, 26/1/2016 2:25:33 AM, False, Not Annotated, False,,,962.1453,0.5482,,0.06454548,,
D8CF2232, ERROR_P1_Ls,962.6949, 26/1/2016 2:25:34 AM, False, Not Annotated, False,,,962.1453,0.5496,,0.064875575,,
D8CF2232, ERROR_P1_Ls,962.6965, 26/1/2016 2:25:35 AM, False, Not Annotated, False,,,962.1453,0.5512,,0.065253857,,
D8CF2232, ERROR_P1_Ls,962.6979, 26/1/2016 2:25:36 AM, False, Not Annotated, False,,,962.1453,0.5526,,0.065585757,,
D8CF2232, ERROR_P1_Ls,962.6989, 26/1/2016 2:25:37 AM, False, Not Annotated, False,,,962.1453,0.5536,,0.065823343,,
D8CF2232, ERROR_P1_Ls,962.7007, 26/1/2016 2:25:38 AM, False, Not Annotated, False,,,962.1453,0.5554,,0.066252081,,
D8CF2232, ERROR_P1_Ls,962.7032, 26/1/2016 2:25:39 AM, False, Not Annotated, False,,,962.1453,0.5579,,0.066849859,,
D8CF2232, ERROR_P1_Ls,962.7034, 26/1/2016 2:25:40 AM, False, Not Annotated, False,,,962.1453,0.5581,,0.066897797,,
D8CF2232, ERROR_P1_Ls,961.8115, 26/1/2016 2:25:41 AM, False, Not Annotated, False,,,959.1453,2.6662,,1.526768602,,
D8CF2232, ERROR_P1_Ls,961.1841, 26/1/2016 2:25:42 AM, False, Not Annotated, False,,,959.1453,2.0388,,0.892764724,,
D8CF2232, ERROR_P1_Ls,960.7429, 26/1/2016 2:25:43 AM, False, Not Annotated, False,,,959.1453,1.5976,,0.54818087,,
D8CF2232, ERROR_P1_Ls,960.4351, 26/1/2016 2:25:44 AM, False, Not Annotated, False,,,959.1453,1.2898,,0.357299589,,
D8CF2232, ERROR_P1_Ls,960.2189, 26/1/2016 2:25:45 AM, False, Not Annotated, False,,,959.1453,1.0736,,0.247555613,,
D8CF2232, ERROR_P1_Ls,960.0668, 26/1/2016 2:25:46 AM, False, Not Annotated, False,,,959.1453,0.9215,,0.182380521,,
D8CF2232, ERROR_P1_Ls,959.9598, 26/1/2016 2:25:47 AM, False, Not Annotated, False,,,959.1453,0.8145,,0.142485263,,
D8CF2232, ERROR_P1_Ls,959.8846, 26/1/2016 2:25:48 AM, False, Not Annotated, False,,,959.1453,0.7393,,0.117389481,,
D8CF2232, ERROR_P1_Ls,959.8327, 26/1/2016 2:25:49 AM, False, Not Annotated, False,,,959.1453,0.6874,,0.101486162,,
D8CF2232, ERROR_P1_Ls,959.7977, 26/1/2016 2:25:50 AM, False, Not Annotated, False,,,959.1453,0.6524,,0.091414624,,
D8CF2232, ERROR_P1_Ls,959.7731, 26/1/2016 2:25:51 AM, False, Not Annotated, False,,,959.1453,0.6278,,0.084650669,,
D8CF2232, ERROR_P1_Ls,959.7508, 26/1/2016 2:25:52 AM, False, Not Annotated, False,,,959.1453,0.6055,,0.078743745,,
D8CF2232, ERROR_P1_Ls,959.7338, 26/1/2016 2:25:53 AM, False, Not Annotated, False,,,959.1453,0.5885,,0.074384202,,
D8CF2232, ERROR_P1_Ls,959.7208, 26/1/2016 2:25:54 AM, False, Not Annotated, False,,,959.1453,0.5755,,0.071134196,,
D8CF2232, ERROR_P1_Ls,959.7121, 26/1/2016 2:25:55 AM, False, Not Annotated, False,,,959.1453,0.5668,,0.06899974,,
D8CF2232, ERROR_P1_Ls,959.7068, 26/1/2016 2:25:56 AM, False, Not Annotated, False,,,959.1453,0.5615,,0.067715376,,
D8CF2232, ERROR_P1_Ls,959.7037, 26/1/2016 2:25:57 AM, False, Not Annotated, False,,,959.1453,0.5584,,0.066969737,,
D8CF2232, ERROR_P1_Ls,959.7018, 26/1/2016 2:25:58 AM, False, Not Annotated, False,,,959.1453,0.5565,,0.066514772,,
D8CF2232, ERROR_P1_Ls,959.6992, 26/1/2016 2:25:59 AM, False, Not Annotated, False,,,959.1453,0.5539,,0.065894703,,
D8CF2232, ERROR_P1_Ls,959.6973, 26/1/2016 2:26:00 AM, False, Not Annotated, False,,,959.1453,0.552,,0.065443411,,
D8CF2232, ERROR_P1_Ls,959.6974, 26/1/2016 2:26:01 AM, False, Not Annotated, False,,,959.1453,0.5521,,0.065467125,,
D8CF2232, ERROR_P1_Ls,959.6998, 26/1/2016 2:26:02 AM, False, Not Annotated, False,,,959.1453,0.5545,,0.066037538,,
D8CF2232, ERROR_P1_Ls,959.7021, 26/1/2016 2:26:03 AM, False, Not Annotated, False,,,959.1453,0.5568,,0.066586506,,
D8CF2232, ERROR_P1_Ls,959.7037, 26/1/2016 2:26:04 AM, False, Not Annotated, False,,,959.1453,0.5584,,0.066969737,,
D8CF2232, ERROR_P1_Ls,959.7048, 26/1/2016 2:26:05 AM, False, Not Annotated, False,,,959.1453,0.5595,,0.067233846,,
D8CF2232, ERROR_P1_Ls,959.7039, 26/1/2016 2:26:06 AM, False, Not Annotated, False,,,959.1453,0.5586,,0.067017718,,
D8CF2232, ERROR_P1_Ls,959.7032, 26/1/2016 2:26:07 AM, False, Not Annotated, False,,,959.1453,0.5579,,0.066849859,,
D8CF2232, ERROR_P1_Ls,959.7028, 26/1/2016 2:26:08 AM, False, Not Annotated, False,,,959.1453,0.5575,,0.066754034,,
D8CF2232, ERROR_P1_Ls,959.7025, 26/1/2016 2:26:09 AM, False, Not Annotated, False,,,959.1453,0.5572,,0.06668221,,
D8CF2232, ERROR_P1_Ls,959.7007, 26/1/2016 2:26:10 AM, False, Not Annotated, False,,,959.1453,0.5554,,0.066252081,,
D8CF2232, ERROR_P1_Ls,959.6981, 26/1/2016 2:26:11 AM, False, Not Annotated, False,,,959.1453,0.5528,,0.06563324,,
D8CF2232, ERROR_P1_Ls,959.6981, 26/1/2016 2:26:12 AM, False, Not Annotated, False,,,959.1453,0.5528,,0.06563324,,
D8CF2232, ERROR_P1_Ls,959.6954, 26/1/2016 2:26:13 AM, False, Not Annotated, False,,,959.1453,0.5501,,0.06499367,,
D8CF2232, ERROR_P1_Ls,959.6954, 26/1/2016 2:26:14 AM, False, Not Annotated, False,,,959.1453,0.5501,,0.06499367,,
D8CF2232, ERROR_P1_Ls,959.6956, 26/1/2016 2:26:15 AM, False, Not Annotated, False,,,959.1453,0.5503,,0.065040938,,
D8CF2232, ERROR_P1_Ls,959.6956, 26/1/2016 2:26:16 AM, False, Not Annotated, False,,,959.1453,0.5503,,0.065040938,,
D8CF2232, ERROR_P1_Ls,959.6957, 26/1/2016 2:26:17 AM, False, Not Annotated, False,,,959.1453,0.5504,,0.065064579,,
D8CF2232, ERROR_P1_Ls,959.6965, 26/1/2016 2:26:18 AM, False, Not Annotated, False,,,959.1453,0.5512,,0.065253857,,
D8CF2232, ERROR_P1_Ls,959.6968, 26/1/2016 2:26:19 AM, False, Not Annotated, False,,,959.1453,0.5515,,0.065324908,,
D8CF2232, ERROR_P1_Ls,959.6969, 26/1/2016 2:26:20 AM, False, Not Annotated, False,,,959.1453,0.5516,,0.0653486,,
D8CF2232, ERROR_P1_Ls,959.6973, 26/1/2016 2:26:21 AM, False, Not Annotated, False,,,959.1453,0.552,,0.065443411,,
D8CF2232, ERROR_P1_Ls,959.6977, 26/1/2016 2:26:22 AM, False, Not Annotated, False,,,959.1453,0.5524,,0.065538291,,
D8CF2232, ERROR_P1_Ls,959.6989, 26/1/2016 2:26:23 AM, False, Not Annotated, False,,,959.1453,0.5536,,0.065823343,,
D8CF2232, ERROR_P1_Ls,959.6998, 26/1/2016 2:26:24 AM, False, Not Annotated, False,,,959.1453,0.5545,,0.066037538,,
D8CF2232, ERROR_P1_Ls,959.7004, 26/1/2016 2:26:25 AM, False, Not Annotated, False,,,959.1453,0.5551,,0.066180528,,
D8CF2232, ERROR_P1_Ls,959.7003, 26/1/2016 2:26:26 AM, False, Not Annotated, False,,,959.1453,0.555,,0.066156685,,
D8CF2232, ERROR_P1_Ls,959.7, 26/1/2016 2:26:27 AM, False, Not Annotated, False,,,959.1453,0.5547,,0.066085184,,
D8CF2232, ERROR_P1_Ls,959.7005, 26/1/2016 2:26:28 AM, False, Not Annotated, False,,,959.1453,0.5552,,0.066204375,,
D8CF2232, ERROR_P1_Ls,959.7017, 26/1/2016 2:26:29 AM, False, Not Annotated, False,,,959.1453,0.5564,,0.06649087,,
D8CF2232, ERROR_P1_Ls,959.7034, 26/1/2016 2:26:30 AM, False, Not Annotated, False,,,959.1453,0.5581,,0.066897797,,
D8CF2232, ERROR_P1_Ls,959.7047, 26/1/2016 2:26:31 AM, False, Not Annotated, False,,,959.1453,0.5594,,0.067209814,,
D8CF2232, ERROR_P1_Ls,959.7043, 26/1/2016 2:26:32 AM, False, Not Annotated, False,,,959.1453,0.559,,0.067113732,,
D8CF2232, ERROR_P1_Ls,959.7031, 26/1/2016 2:26:33 AM, False, Not Annotated, False,,,959.1453,0.5578,,0.066825896,,
D8CF2232, ERROR_P1_Ls,959.7021, 26/1/2016 2:26:34 AM, False, Not Annotated, False,,,959.1453,0.5568,,0.066586506,,
D8CF2232, ERROR_P1_Ls,959.7009, 26/1/2016 2:26:35 AM, False, Not Annotated, False,,,959.1453,0.5556,,0.066299804,,
D8CF2232, ERROR_P1_Ls,959.7001, 26/1/2016 2:26:36 AM, False, Not Annotated, False,,,959.1453,0.5548,,0.066109014,,
D8CF2232, ERROR_P1_Ls,959.6995, 26/1/2016 2:26:37 AM, False, Not Annotated, False,,,959.1453,0.5542,,0.065966101,,
D8CF2232, ERROR_P1_Ls,959.6991, 26/1/2016 2:26:38 AM, False, Not Annotated, False,,,959.1453,0.5538,,0.065870912,,
D8CF2232, ERROR_P1_Ls,959.7008, 26/1/2016 2:26:39 AM, False, Not Annotated, False,,,959.1453,0.5555,,0.06627594,,
D8CF2232, ERROR_P1_Ls,959.7011, 26/1/2016 2:26:40 AM, False, Not Annotated, False,,,959.1453,0.5558,,0.066347545,,
D8CF2232, ERROR_P1_Ls,958.811, 26/1/2016 2:26:41 AM, False, Not Annotated, False,,,956.1453,2.6657,,1.526196017,,
D8CF2232, ERROR_P1_Ls,958.1867, 26/1/2016 2:26:42 AM, False, Not Annotated, False,,,956.1453,2.0414,,0.89504319,,
D8CF2232, ERROR_P1_Ls,957.7476, 26/1/2016 2:26:43 AM, False, Not Annotated, False,,,956.1453,1.6023,,0.551411015,,
D8CF2232, ERROR_P1_Ls,957.4387, 26/1/2016 2:26:44 AM, False, Not Annotated, False,,,956.1453,1.2934,,0.359296912,,
D8CF2232, ERROR_P1_Ls,957.2214, 26/1/2016 2:26:45 AM, False, Not Annotated, False,,,956.1453,1.0761,,0.248709878,,
D8CF2232, ERROR_P1_Ls,957.0687, 26/1/2016 2:26:46 AM, False, Not Annotated, False,,,956.1453,0.9234,,0.183133381,,
D8CF2232, ERROR_P1_Ls,956.9597, 26/1/2016 2:26:47 AM, False, Not Annotated, False,,,956.1453,0.8144,,0.142450278,,
D8CF2232, ERROR_P1_Ls,956.8821, 26/1/2016 2:26:48 AM, False, Not Annotated, False,,,956.1453,0.7368,,0.116596901,,
D8CF2232, ERROR_P1_Ls,956.828, 26/1/2016 2:26:49 AM, False, Not Annotated, False,,,956.1453,0.6827,,0.100103112,,
D8CF2232, ERROR_P1_Ls,956.7919, 26/1/2016 2:26:50 AM, False, Not Annotated, False,,,956.1453,0.6466,,0.089796451,,
D8CF2232, ERROR_P1_Ls,956.7665, 26/1/2016 2:26:51 AM, False, Not Annotated, False,,,956.1453,0.6212,,0.082880176,,
D8CF2232, ERROR_P1_Ls,956.7487, 26/1/2016 2:26:52 AM, False, Not Annotated, False,,,956.1453,0.6034,,0.078198493,,
D8CF2232, ERROR_P1_Ls,956.7361, 26/1/2016 2:26:53 AM, False, Not Annotated, False,,,956.1453,0.5908,,0.074966761,,
D8CF2232, ERROR_P1_Ls,956.7272, 26/1/2016 2:26:54 AM, False, Not Annotated, False,,,956.1453,0.5819,,0.072725127,,
D8CF2232, ERROR_P1_Ls,956.7206, 26/1/2016 2:26:55 AM, False, Not Annotated, False,,,956.1453,0.5753,,0.071084763,,
D8CF2232, ERROR_P1_Ls,956.716, 26/1/2016 2:26:56 AM, False, Not Annotated, False,,,956.1453,0.5707,,0.069952545,,
D8CF2232, ERROR_P1_Ls,956.713, 26/1/2016 2:26:57 AM, False, Not Annotated, False,,,956.1453,0.5677,,0.069219038,,
D8CF2232, ERROR_P1_Ls,956.709, 26/1/2016 2:26:58 AM, False, Not Annotated, False,,,956.1453,0.5637,,0.068247043,,
D8CF2232, ERROR_P1_Ls,956.7064, 26/1/2016 2:26:59 AM, False, Not Annotated, False,,,956.1453,0.5611,,0.067618932,,
D8CF2232, ERROR_P1_Ls,956.7058, 26/1/2016 2:27:00 AM, False, Not Annotated, False,,,956.1453,0.5605,,0.067474396,,
D8CF2232, ERROR_P1_Ls,956.7054, 26/1/2016 2:27:01 AM, False, Not Annotated, False,,,956.1453,0.5601,,0.067378124,,
D8CF2232, ERROR_P1_Ls,956.7054, 26/1/2016 2:27:02 AM, False, Not Annotated, False,,,956.1453,0.5601,,0.067378124,,
D8CF2232, ERROR_P1_Ls,956.7051, 26/1/2016 2:27:03 AM, False, Not Annotated, False,,,956.1453,0.5598,,0.067305966,,
D8CF2232, ERROR_P1_Ls,956.7054, 26/1/2016 2:27:04 AM, False, Not Annotated, False,,,956.1453,0.5601,,0.067378124,,
D8CF2232, ERROR_P1_Ls,956.7068, 26/1/2016 2:27:05 AM, False, Not Annotated, False,,,956.1453,0.5615,,0.067715376,,
D8CF2232, ERROR_P1_Ls,956.7088, 26/1/2016 2:27:06 AM, False, Not Annotated, False,,,956.1453,0.5635,,0.068198624,,
D8CF2232, ERROR_P1_Ls,956.7103, 26/1/2016 2:27:07 AM, False, Not Annotated, False,,,956.1453,0.565,,0.068562188,,
D8CF2232, ERROR_P1_Ls,956.7109, 26/1/2016 2:27:08 AM, False, Not Annotated, False,,,956.1453,0.5656,,0.068707884,,
D8CF2232, ERROR_P1_Ls,956.7107, 26/1/2016 2:27:09 AM, False, Not Annotated, False,,,956.1453,0.5654,,0.068659301,,
D8CF2232, ERROR_P1_Ls,956.71, 26/1/2016 2:27:10 AM, False, Not Annotated, False,,,956.1453,0.5647,,0.068489398,,
D8CF2232, ERROR_P1_Ls,956.7093, 26/1/2016 2:27:11 AM, False, Not Annotated, False,,,956.1453,0.564,,0.068319705,,
D8CF2232, ERROR_P1_Ls,956.709, 26/1/2016 2:27:12 AM, False, Not Annotated, False,,,956.1453,0.5637,,0.068247043,,
D8CF2232, ERROR_P1_Ls,956.7088, 26/1/2016 2:27:13 AM, False, Not Annotated, False,,,956.1453,0.5635,,0.068198624,,
D8CF2232, ERROR_P1_Ls,956.7086, 26/1/2016 2:27:14 AM, False, Not Annotated, False,,,956.1453,0.5633,,0.068150222,,
D8CF2232, ERROR_P1_Ls,956.7089, 26/1/2016 2:27:15 AM, False, Not Annotated, False,,,956.1453,0.5636,,0.068222832,,
D8CF2232, ERROR_P1_Ls,956.709, 26/1/2016 2:27:16 AM, False, Not Annotated, False,,,956.1453,0.5637,,0.068247043,,
D8CF2232, ERROR_P1_Ls,956.7092, 26/1/2016 2:27:17 AM, False, Not Annotated, False,,,956.1453,0.5639,,0.06829548,,
D8CF2232, ERROR_P1_Ls,956.7093, 26/1/2016 2:27:18 AM, False, Not Annotated, False,,,956.1453,0.564,,0.068319705,,
D8CF2232, ERROR_P1_Ls,956.7094, 26/1/2016 2:27:19 AM, False, Not Annotated, False,,,956.1453,0.5641,,0.068343934,,
D8CF2232, ERROR_P1_Ls,956.7094, 26/1/2016 2:27:20 AM, False, Not Annotated, False,,,956.1453,0.5641,,0.068343934,,
D8CF2232, ERROR_P1_Ls,956.7095, 26/1/2016 2:27:21 AM, False, Not Annotated, False,,,956.1453,0.5642,,0.068368167,,
D8CF2232, ERROR_P1_Ls,956.7095, 26/1/2016 2:27:22 AM, False, Not Annotated, False,,,956.1453,0.5642,,0.068368167,,
D8CF2232, ERROR_P1_Ls,956.7086, 26/1/2016 2:27:23 AM, False, Not Annotated, False,,,956.1453,0.5633,,0.068150222,,
D8CF2232, ERROR_P1_Ls,956.7079, 26/1/2016 2:27:24 AM, False, Not Annotated, False,,,956.1453,0.5626,,0.06798095,,
D8CF2232, ERROR_P1_Ls,956.7074, 26/1/2016 2:27:25 AM, False, Not Annotated, False,,,956.1453,0.5621,,0.06786017,,
D8CF2232, ERROR_P1_Ls,956.707, 26/1/2016 2:27:26 AM, False, Not Annotated, False,,,956.1453,0.5617,,0.067763623,,
D8CF2232, ERROR_P1_Ls,956.7047, 26/1/2016 2:27:27 AM, False, Not Annotated, False,,,956.1453,0.5594,,0.067209814,,
D8CF2232, ERROR_P1_Ls,956.7046, 26/1/2016 2:27:28 AM, False, Not Annotated, False,,,956.1453,0.5593,,0.067185787,,
D8CF2232, ERROR_P1_Ls,956.7046, 26/1/2016 2:27:29 AM, False, Not Annotated, False,,,956.1453,0.5593,,0.067185787,,
D8CF2232, ERROR_P1_Ls,956.7048, 26/1/2016 2:27:30 AM, False, Not Annotated, False,,,956.1453,0.5595,,0.067233846,,
D8CF2232, ERROR_P1_Ls,956.7048, 26/1/2016 2:27:31 AM, False, Not Annotated, False,,,956.1453,0.5595,,0.067233846,,
D8CF2232, ERROR_P1_Ls,956.7047, 26/1/2016 2:27:32 AM, False, Not Annotated, False,,,956.1453,0.5594,,0.067209814,,
D8CF2232, ERROR_P1_Ls,956.7047, 26/1/2016 2:27:33 AM, False, Not Annotated, False,,,956.1453,0.5594,,0.067209814,,
D8CF2232, ERROR_P1_Ls,956.7084, 26/1/2016 2:27:34 AM, False, Not Annotated, False,,,956.1453,0.5631,,0.068101837,,
D8CF2232, ERROR_P1_Ls,956.7084, 26/1/2016 2:27:35 AM, False, Not Annotated, False,,,956.1453,0.5631,,0.068101837,,
D8CF2232, ERROR_P1_Ls,956.7078, 26/1/2016 2:27:36 AM, False, Not Annotated, False,,,956.1453,0.5625,,0.067956785,,
D8CF2232, ERROR_P1_Ls,956.7065, 26/1/2016 2:27:37 AM, False, Not Annotated, False,,,956.1453,0.5612,,0.067643037,,
D8CF2232, ERROR_P1_Ls,956.7067, 26/1/2016 2:27:38 AM, False, Not Annotated, False,,,956.1453,0.5614,,0.067691258,,
D8CF2232, ERROR_P1_Ls,956.7059, 26/1/2016 2:27:39 AM, False, Not Annotated, False,,,956.1453,0.5606,,0.067498475,,
D8CF2232, ERROR_P1_Ls,956.7051, 26/1/2016 2:27:40 AM, False, Not Annotated, False,,,953.1453,3.5598,,2.721691953,,
D8CF2232, ERROR_P1_Ls,955.8123, 26/1/2016 2:27:41 AM, False, Not Annotated, False,,,953.1453,2.667,,1.527684961,,
D8CF2232, ERROR_P1_Ls,955.1844, 26/1/2016 2:27:42 AM, False, Not Annotated, False,,,953.1453,2.0391,,0.893027476,,
D8CF2232, ERROR_P1_Ls,954.745, 26/1/2016 2:27:43 AM, False, Not Annotated, False,,,953.1453,1.5997,,0.549622953,,
D8CF2232, ERROR_P1_Ls,954.4369, 26/1/2016 2:27:44 AM, False, Not Annotated, False,,,953.1453,1.2916,,0.358297555,,
D8CF2232, ERROR_P1_Ls,954.2211, 26/1/2016 2:27:45 AM, False, Not Annotated, False,,,953.1453,1.0758,,0.248571225,,
D8CF2232, ERROR_P1_Ls,954.0676, 26/1/2016 2:27:46 AM, False, Not Annotated, False,,,953.1453,0.9223,,0.182697325,,
D8CF2232, ERROR_P1_Ls,953.9578, 26/1/2016 2:27:47 AM, False, Not Annotated, False,,,953.1453,0.8125,,0.141786379,,
D8CF2232, ERROR_P1_Ls,953.8805, 26/1/2016 2:27:48 AM, False, Not Annotated, False,,,953.1453,0.7352,,0.116091058,,
D8CF2232, ERROR_P1_Ls,953.8262, 26/1/2016 2:27:49 AM, False, Not Annotated, False,,,953.1453,0.6809,,0.099575946,,
D8CF2232, ERROR_P1_Ls,953.788, 26/1/2016 2:27:50 AM, False, Not Annotated, False,,,953.1453,0.6427,,0.088716494,,
D8CF2232, ERROR_P1_Ls,953.7604, 26/1/2016 2:27:51 AM, False, Not Annotated, False,,,953.1453,0.6151,,0.081260451,,
D8CF2232, ERROR_P1_Ls,953.7604, 26/1/2016 2:27:52 AM, False, Not Annotated, False,,,953.1453,0.6151,,0.081260451,,
D8CF2232, ERROR_P1_Ls,953.7394, 26/1/2016 2:27:53 AM, False, Not Annotated, False,,,953.1453,0.5941,,0.075806575,,
D8CF2232, ERROR_P1_Ls,953.7241, 26/1/2016 2:27:54 AM, False, Not Annotated, False,,,953.1453,0.5788,,0.071952322,,
D8CF2232, ERROR_P1_Ls,953.7134, 26/1/2016 2:27:55 AM, False, Not Annotated, False,,,953.1453,0.5681,,0.069316616,,
D8CF2232, ERROR_P1_Ls,953.7058, 26/1/2016 2:27:56 AM, False, Not Annotated, False,,,953.1453,0.5605,,0.067474396,,
D8CF2232, ERROR_P1_Ls,953.701, 26/1/2016 2:27:57 AM, False, Not Annotated, False,,,953.1453,0.5557,,0.066323672,,
D8CF2232, ERROR_P1_Ls,953.6998, 26/1/2016 2:27:58 AM, False, Not Annotated, False,,,953.1453,0.5545,,0.066037538,,
D8CF2232, ERROR_P1_Ls,953.6993, 26/1/2016 2:27:59 AM, False, Not Annotated, False,,,953.1453,0.554,,0.065918498,,
D8CF2232, ERROR_P1_Ls,953.6995, 26/1/2016 2:28:00 AM, False, Not Annotated, False,,,953.1453,0.5542,,0.065966101,,
D8CF2232, ERROR_P1_Ls,953.7, 26/1/2016 2:28:01 AM, False, Not Annotated, False,,,953.1453,0.5547,,0.066085184,,
D8CF2232, ERROR_P1_Ls,953.7004, 26/1/2016 2:28:02 AM, False, Not Annotated, False,,,953.1453,0.5551,,0.066180528,,
D8CF2232, ERROR_P1_Ls,953.7006, 26/1/2016 2:28:03 AM, False, Not Annotated, False,,,953.1453,0.5553,,0.066228225,,
D8CF2232, ERROR_P1_Ls,953.7001, 26/1/2016 2:28:04 AM, False, Not Annotated, False,,,953.1453,0.5548,,0.066109014,,
D8CF2232, ERROR_P1_Ls,953.6996, 26/1/2016 2:28:05 AM, False, Not Annotated, False,,,953.1453,0.5543,,0.065989909,,
D8CF2232, ERROR_P1_Ls,953.6993, 26/1/2016 2:28:06 AM, False, Not Annotated, False,,,953.1453,0.554,,0.065918498,,
D8CF2232, ERROR_P1_Ls,953.6987, 26/1/2016 2:28:07 AM, False, Not Annotated, False,,,953.1453,0.5534,,0.065775791,,
D8CF2232, ERROR_P1_Ls,953.6983, 26/1/2016 2:28:08 AM, False, Not Annotated, False,,,953.1453,0.553,,0.06568074,,
D8CF2232, ERROR_P1_Ls,953.6986, 26/1/2016 2:28:09 AM, False, Not Annotated, False,,,953.1453,0.5533,,0.065752022,,
D8CF2232, ERROR_P1_Ls,953.7005, 26/1/2016 2:28:10 AM, False, Not Annotated, False,,,953.1453,0.5552,,0.066204375,,
D8CF2232, ERROR_P1_Ls,953.7018, 26/1/2016 2:28:11 AM, False, Not Annotated, False,,,953.1453,0.5565,,0.066514772,,
D8CF2232, ERROR_P1_Ls,953.7022, 26/1/2016 2:28:12 AM, False, Not Annotated, False,,,953.1453,0.5569,,0.066610425,,
D8CF2232, ERROR_P1_Ls,953.7017, 26/1/2016 2:28:13 AM, False, Not Annotated, False,,,953.1453,0.5564,,0.06649087,,
D8CF2232, ERROR_P1_Ls,953.701, 26/1/2016 2:28:14 AM, False, Not Annotated, False,,,953.1453,0.5557,,0.066323672,,
D8CF2232, ERROR_P1_Ls,953.7006, 26/1/2016 2:28:15 AM, False, Not Annotated, False,,,953.1453,0.5553,,0.066228225,,
D8CF2232, ERROR_P1_Ls,953.6971, 26/1/2016 2:28:16 AM, False, Not Annotated, False,,,953.1453,0.5518,,0.065395997,,
D8CF2232, ERROR_P1_Ls,953.6942, 26/1/2016 2:28:17 AM, False, Not Annotated, False,,,953.1453,0.5489,,0.064710422,,
D8CF2232, ERROR_P1_Ls,953.6921, 26/1/2016 2:28:18 AM, False, Not Annotated, False,,,953.1453,0.5468,,0.064216227,,
D8CF2232, ERROR_P1_Ls,953.6901, 26/1/2016 2:28:19 AM, False, Not Annotated, False,,,953.1453,0.5448,,0.063747326,,
D8CF2232, ERROR_P1_Ls,953.6887, 26/1/2016 2:28:20 AM, False, Not Annotated, False,,,953.1453,0.5434,,0.063420117,,
D8CF2232, ERROR_P1_Ls,953.6876, 26/1/2016 2:28:21 AM, False, Not Annotated, False,,,953.1453,0.5423,,0.063163615,,
D8CF2232, ERROR_P1_Ls,953.687, 26/1/2016 2:28:22 AM, False, Not Annotated, False,,,953.1453,0.5417,,0.063023924,,
D8CF2232, ERROR_P1_Ls,953.6884, 26/1/2016 2:28:23 AM, False, Not Annotated, False,,,953.1453,0.5431,,0.063350111,,
D8CF2232, ERROR_P1_Ls,953.6884, 26/1/2016 2:28:24 AM, False, Not Annotated, False,,,953.1453,0.5431,,0.063350111,,
D8CF2232, ERROR_P1_Ls,953.691, 26/1/2016 2:28:25 AM, False, Not Annotated, False,,,953.1453,0.5457,,0.063958119,,
D8CF2232, ERROR_P1_Ls,953.6986, 26/1/2016 2:28:26 AM, False, Not Annotated, False,,,953.1453,0.5533,,0.065752022,,
D8CF2232, ERROR_P1_Ls,953.7028, 26/1/2016 2:28:27 AM, False, Not Annotated, False,,,953.1453,0.5575,,0.066754034,,
D8CF2232, ERROR_P1_Ls,953.7057, 26/1/2016 2:28:28 AM, False, Not Annotated, False,,,953.1453,0.5604,,0.067450322,,
D8CF2232, ERROR_P1_Ls,953.7078, 26/1/2016 2:28:29 AM, False, Not Annotated, False,,,953.1453,0.5625,,0.067956785,,
D8CF2232, ERROR_P1_Ls,953.7087, 26/1/2016 2:28:30 AM, False, Not Annotated, False,,,953.1453,0.5634,,0.068174421,,
D8CF2232, ERROR_P1_Ls,953.7095, 26/1/2016 2:28:31 AM, False, Not Annotated, False,,,953.1453,0.5642,,0.068368167,,
D8CF2232, ERROR_P1_Ls,953.7094, 26/1/2016 2:28:32 AM, False, Not Annotated, False,,,953.1453,0.5641,,0.068343934,,
D8CF2232, ERROR_P1_Ls,953.7091, 26/1/2016 2:28:33 AM, False, Not Annotated, False,,,953.1453,0.5638,,0.068271259,,
D8CF2232, ERROR_P1_Ls,953.7068, 26/1/2016 2:28:34 AM, False, Not Annotated, False,,,953.1453,0.5615,,0.067715376,,
D8CF2232, ERROR_P1_Ls,953.7031, 26/1/2016 2:28:35 AM, False, Not Annotated, False,,,953.1453,0.5578,,0.066825896,,
D8CF2232, ERROR_P1_Ls,953.7031, 26/1/2016 2:28:36 AM, False, Not Annotated, False,,,953.1453,0.5578,,0.066825896,,
D8CF2232, ERROR_P1_Ls,953.7003, 26/1/2016 2:28:37 AM, False, Not Annotated, False,,,953.1453,0.555,,0.066156685,,
D8CF2232, ERROR_P1_Ls,953.6952, 26/1/2016 2:28:38 AM, False, Not Annotated, False,,,953.1453,0.5499,,0.064946419,,
D8CF2232, ERROR_P1_Ls,953.6929, 26/1/2016 2:28:39 AM, False, Not Annotated, False,,,953.1453,0.5476,,0.064404268,,
D8CF2232, ERROR_P1_Ls,953.6904, 26/1/2016 2:28:40 AM, False, Not Annotated, False,,,953.1453,0.5451,,0.063817551,,
D8CF2232, ERROR_P1_Ls,952.7982, 26/1/2016 2:28:41 AM, False, Not Annotated, False,,,950.1453,2.6529,,1.511574411,,
D8CF2232, ERROR_P1_Ls,952.1729, 26/1/2016 2:28:42 AM, False, Not Annotated, False,,,950.1453,2.0276,,0.882982989,,
D8CF2232, ERROR_P1_Ls,951.7332, 26/1/2016 2:28:43 AM, False, Not Annotated, False,,,950.1453,1.5879,,0.5415444,,
D8CF2232, ERROR_P1_Ls,951.4255, 26/1/2016 2:28:44 AM, False, Not Annotated, False,,,950.1453,1.2802,,0.352000611,,
D8CF2232, ERROR_P1_Ls,951.2101, 26/1/2016 2:28:45 AM, False, Not Annotated, False,,,950.1453,1.0648,,0.243513956,,
D8CF2232, ERROR_P1_Ls,951.0582, 26/1/2016 2:28:46 AM, False, Not Annotated, False,,,950.1453,0.9129,,0.178992233,,
D8CF2232, ERROR_P1_Ls,950.951, 26/1/2016 2:28:47 AM, False, Not Annotated, False,,,950.1453,0.8057,,0.139423024,,
D8CF2232, ERROR_P1_Ls,950.8754, 26/1/2016 2:28:48 AM, False, Not Annotated, False,,,950.1453,0.7301,,0.114486023,,
D8CF2232, ERROR_P1_Ls,950.8218, 26/1/2016 2:28:49 AM, False, Not Annotated, False,,,950.1453,0.6765,,0.098293177,,
D8CF2232, ERROR_P1_Ls,950.7845, 26/1/2016 2:28:50 AM, False, Not Annotated, False,,,950.1453,0.6392,,0.087752865,,
D8CF2232, ERROR_P1_Ls,950.7596, 26/1/2016 2:28:51 AM, False, Not Annotated, False,,,950.1453,0.6143,,0.081049213,,
D8CF2232, ERROR_P1_Ls,950.7438, 26/1/2016 2:28:52 AM, False, Not Annotated, False,,,950.1453,0.5985,,0.076933605,,
D8CF2232, ERROR_P1_Ls,950.7327, 26/1/2016 2:28:53 AM, False, Not Annotated, False,,,950.1453,0.5874,,0.07410639,,
D8CF2232, ERROR_P1_Ls,950.7222, 26/1/2016 2:28:54 AM, False, Not Annotated, False,,,950.1453,0.5769,,0.071480709,,
D8CF2232, ERROR_P1_Ls,950.715, 26/1/2016 2:28:55 AM, False, Not Annotated, False,,,950.1453,0.5697,,0.069707613,,
D8CF2232, ERROR_P1_Ls,950.7101, 26/1/2016 2:28:56 AM, False, Not Annotated, False,,,950.1453,0.5648,,0.068513657,,
D8CF2232, ERROR_P1_Ls,950.7067, 26/1/2016 2:28:57 AM, False, Not Annotated, False,,,950.1453,0.5614,,0.067691258,,
D8CF2232, ERROR_P1_Ls,950.7039, 26/1/2016 2:28:58 AM, False, Not Annotated, False,,,950.1453,0.5586,,0.067017718,,
D8CF2232, ERROR_P1_Ls,950.702, 26/1/2016 2:28:59 AM, False, Not Annotated, False,,,950.1453,0.5567,,0.06656259,,
D8CF2232, ERROR_P1_Ls,950.6995, 26/1/2016 2:29:00 AM, False, Not Annotated, False,,,950.1453,0.5542,,0.065966101,,
D8CF2232, ERROR_P1_Ls,950.6977, 26/1/2016 2:29:01 AM, False, Not Annotated, False,,,950.1453,0.5524,,0.065538291,,
D8CF2232, ERROR_P1_Ls,950.6986, 26/1/2016 2:29:02 AM, False, Not Annotated, False,,,950.1453,0.5533,,0.065752022,,
D8CF2232, ERROR_P1_Ls,950.7, 26/1/2016 2:29:03 AM, False, Not Annotated, False,,,950.1453,0.5547,,0.066085184,,
D8CF2232, ERROR_P1_Ls,950.7001, 26/1/2016 2:29:04 AM, False, Not Annotated, False,,,950.1453,0.5548,,0.066109014,,
D8CF2232, ERROR_P1_Ls,950.699, 26/1/2016 2:29:05 AM, False, Not Annotated, False,,,950.1453,0.5537,,0.065847125,,
D8CF2232, ERROR_P1_Ls,950.699, 26/1/2016 2:29:06 AM, False, Not Annotated, False,,,950.1453,0.5537,,0.065847125,,
D8CF2232, ERROR_P1_Ls,950.6981, 26/1/2016 2:29:07 AM, False, Not Annotated, False,,,950.1453,0.5528,,0.06563324,,
D8CF2232, ERROR_P1_Ls,950.6989, 26/1/2016 2:29:08 AM, False, Not Annotated, False,,,950.1453,0.5536,,0.065823343,,
D8CF2232, ERROR_P1_Ls,950.6997, 26/1/2016 2:29:09 AM, False, Not Annotated, False,,,950.1453,0.5544,,0.066013721,,
D8CF2232, ERROR_P1_Ls,950.7003, 26/1/2016 2:29:10 AM, False, Not Annotated, False,,,950.1453,0.555,,0.066156685,,
D8CF2232, ERROR_P1_Ls,950.7, 26/1/2016 2:29:11 AM, False, Not Annotated, False,,,950.1453,0.5547,,0.066085184,,
D8CF2232, ERROR_P1_Ls,950.6985, 26/1/2016 2:29:12 AM, False, Not Annotated, False,,,950.1453,0.5532,,0.065728257,,
D8CF2232, ERROR_P1_Ls,950.696, 26/1/2016 2:29:13 AM, False, Not Annotated, False,,,950.1453,0.5507,,0.065135526,,
D8CF2232, ERROR_P1_Ls,950.6944, 26/1/2016 2:29:14 AM, False, Not Annotated, False,,,950.1453,0.5491,,0.064757587,,
D8CF2232, ERROR_P1_Ls,950.6932, 26/1/2016 2:29:15 AM, False, Not Annotated, False,,,950.1453,0.5479,,0.064474855,,
D8CF2232, ERROR_P1_Ls,950.6907, 26/1/2016 2:29:16 AM, False, Not Annotated, False,,,950.1453,0.5454,,0.063887816,,
D8CF2232, ERROR_P1_Ls,950.6888, 26/1/2016 2:29:17 AM, False, Not Annotated, False,,,950.1453,0.5435,,0.063443461,,
D8CF2232, ERROR_P1_Ls,950.6882, 26/1/2016 2:29:18 AM, False, Not Annotated, False,,,950.1453,0.5429,,0.063303461,,
D8CF2232, ERROR_P1_Ls,950.6899, 26/1/2016 2:29:19 AM, False, Not Annotated, False,,,950.1453,0.5446,,0.06370053,,
D8CF2232, ERROR_P1_Ls,950.6918, 26/1/2016 2:29:20 AM, False, Not Annotated, False,,,950.1453,0.5465,,0.064145782,,
D8CF2232, ERROR_P1_Ls,950.6937, 26/1/2016 2:29:21 AM, False, Not Annotated, False,,,950.1453,0.5484,,0.064592585,,
D8CF2232, ERROR_P1_Ls,950.6957, 26/1/2016 2:29:22 AM, False, Not Annotated, False,,,950.1453,0.5504,,0.065064579,,
D8CF2232, ERROR_P1_Ls,950.6984, 26/1/2016 2:29:23 AM, False, Not Annotated, False,,,950.1453,0.5531,,0.065704496,,
D8CF2232, ERROR_P1_Ls,950.7003, 26/1/2016 2:29:24 AM, False, Not Annotated, False,,,950.1453,0.555,,0.066156685,,
D8CF2232, ERROR_P1_Ls,950.701, 26/1/2016 2:29:25 AM, False, Not Annotated, False,,,950.1453,0.5557,,0.066323672,,
D8CF2232, ERROR_P1_Ls,950.6969, 26/1/2016 2:29:26 AM, False, Not Annotated, False,,,950.1453,0.5516,,0.0653486,,
D8CF2232, ERROR_P1_Ls,950.6934, 26/1/2016 2:29:27 AM, False, Not Annotated, False,,,950.1453,0.5481,,0.064521934,,
D8CF2232, ERROR_P1_Ls,950.6918, 26/1/2016 2:29:28 AM, False, Not Annotated, False,,,950.1453,0.5465,,0.064145782,,
D8CF2232, ERROR_P1_Ls,950.6907, 26/1/2016 2:29:29 AM, False, Not Annotated, False,,,950.1453,0.5454,,0.063887816,,
D8CF2232, ERROR_P1_Ls,950.6907, 26/1/2016 2:29:30 AM, False, Not Annotated, False,,,950.1453,0.5454,,0.063887816,,
D8CF2232, ERROR_P1_Ls,950.6901, 26/1/2016 2:29:31 AM, False, Not Annotated, False,,,950.1453,0.5448,,0.063747326,,
D8CF2232, ERROR_P1_Ls,950.6911, 26/1/2016 2:29:32 AM, False, Not Annotated, False,,,950.1453,0.5458,,0.063981561,,
D8CF2232, ERROR_P1_Ls,950.6942, 26/1/2016 2:29:33 AM, False, Not Annotated, False,,,950.1453,0.5489,,0.064710422,,
D8CF2232, ERROR_P1_Ls,950.6951, 26/1/2016 2:29:34 AM, False, Not Annotated, False,,,950.1453,0.5498,,0.0649228,,
D8CF2232, ERROR_P1_Ls,950.6951, 26/1/2016 2:29:35 AM, False, Not Annotated, False,,,950.1453,0.5498,,0.0649228,,
D8CF2232, ERROR_P1_Ls,950.6945, 26/1/2016 2:29:36 AM, False, Not Annotated, False,,,950.1453,0.5492,,0.064781176,,
D8CF2232, ERROR_P1_Ls,950.6946, 26/1/2016 2:29:37 AM, False, Not Annotated, False,,,950.1453,0.5493,,0.064804769,,
D8CF2232, ERROR_P1_Ls,950.6946, 26/1/2016 2:29:38 AM, False, Not Annotated, False,,,950.1453,0.5493,,0.064804769,,
D8CF2232, ERROR_P1_Ls,950.6932, 26/1/2016 2:29:39 AM, False, Not Annotated, False,,,950.1453,0.5479,,0.064474855,,
D8CF2232, ERROR_P1_Ls,950.6913, 26/1/2016 2:29:40 AM, False, Not Annotated, False,,,950.1453,0.546,,0.06402846,,
D8CF2232, ERROR_P1_Ls,950.6901, 26/1/2016 2:29:41 AM, False, Not Annotated, False,,,947.1453,3.5448,,2.698803383,,
D8CF2232, ERROR_P1_Ls,949.8033, 26/1/2016 2:29:42 AM, False, Not Annotated, False,,,947.1453,2.658,,1.517391773,,
D8CF2232, ERROR_P1_Ls,949.1798, 26/1/2016 2:29:43 AM, False, Not Annotated, False,,,947.1453,2.0345,,0.889002864,,
D8CF2232, ERROR_P1_Ls,948.7424, 26/1/2016 2:29:44 AM, False, Not Annotated, False,,,947.1453,1.5971,,0.547837796,,
D8CF2232, ERROR_P1_Ls,948.4347, 26/1/2016 2:29:45 AM, False, Not Annotated, False,,,947.1453,1.2894,,0.357078008,,
D8CF2232, ERROR_P1_Ls,948.2196, 26/1/2016 2:29:46 AM, False, Not Annotated, False,,,947.1453,1.0743,,0.247878536,,
D8CF2232, ERROR_P1_Ls,948.0683, 26/1/2016 2:29:47 AM, False, Not Annotated, False,,,947.1453,0.923,,0.182974755,,
D8CF2232, ERROR_P1_Ls,947.9596, 26/1/2016 2:29:48 AM, False, Not Annotated, False,,,947.1453,0.8143,,0.142415298,,
D8CF2232, ERROR_P1_Ls,947.882, 26/1/2016 2:29:49 AM, False, Not Annotated, False,,,947.1453,0.7367,,0.116565253,,
D8CF2232, ERROR_P1_Ls,947.8284, 26/1/2016 2:29:50 AM, False, Not Annotated, False,,,947.1453,0.6831,,0.100220449,,
D8CF2232, ERROR_P1_Ls,947.791, 26/1/2016 2:29:51 AM, False, Not Annotated, False,,,947.1453,0.6457,,0.08954665,,
D8CF2232, ERROR_P1_Ls,947.7648, 26/1/2016 2:29:52 AM, False, Not Annotated, False,,,947.1453,0.6195,,0.082427171,,
D8CF2232, ERROR_P1_Ls,947.7474, 26/1/2016 2:29:53 AM, False, Not Annotated, False,,,947.1453,0.6021,,0.077861905,,
D8CF2232, ERROR_P1_Ls,947.7474, 26/1/2016 2:29:54 AM, False, Not Annotated, False,,,947.1453,0.6021,,0.077861905,,
D8CF2232, ERROR_P1_Ls,947.7251, 26/1/2016 2:29:55 AM, False, Not Annotated, False,,,947.1453,0.5798,,0.072201163,,
D8CF2232, ERROR_P1_Ls,947.717, 26/1/2016 2:29:56 AM, False, Not Annotated, False,,,947.1453,0.5717,,0.070197906,,
D8CF2232, ERROR_P1_Ls,947.7114, 26/1/2016 2:29:57 AM, False, Not Annotated, False,,,947.1453,0.5661,,0.068829416,,
D8CF2232, ERROR_P1_Ls,947.7025, 26/1/2016 2:29:58 AM, False, Not Annotated, False,,,947.1453,0.5572,,0.06668221,,
D8CF2232, ERROR_P1_Ls,947.6989, 26/1/2016 2:29:59 AM, False, Not Annotated, False,,,947.1453,0.5536,,0.065823343,,
D8CF2232, ERROR_P1_Ls,947.6959, 26/1/2016 2:30:00 AM, False, Not Annotated, False,,,947.1453,0.5506,,0.065111873,,
D8CF2232, ERROR_P1_Ls,947.6939, 26/1/2016 2:30:01 AM, False, Not Annotated, False,,,947.1453,0.5486,,0.064639707,,
D8CF2232, ERROR_P1_Ls,947.6924, 26/1/2016 2:30:02 AM, False, Not Annotated, False,,,947.1453,0.5471,,0.06428671,,
D8CF2232, ERROR_P1_Ls,947.6915, 26/1/2016 2:30:03 AM, False, Not Annotated, False,,,947.1453,0.5462,,0.064075376,,
D8CF2232, ERROR_P1_Ls,947.6915, 26/1/2016 2:30:04 AM, False, Not Annotated, False,,,947.1453,0.5462,,0.064075376,,
D8CF2232, ERROR_P1_Ls,947.6907, 26/1/2016 2:30:05 AM, False, Not Annotated, False,,,947.1453,0.5454,,0.063887816,,
D8CF2232, ERROR_P1_Ls,947.6902, 26/1/2016 2:30:06 AM, False, Not Annotated, False,,,947.1453,0.5449,,0.06377073,,
D8CF2232, ERROR_P1_Ls,947.6893, 26/1/2016 2:30:07 AM, False, Not Annotated, False,,,947.1453,0.544,,0.063560246,,
D8CF2232, ERROR_P1_Ls,947.6887, 26/1/2016 2:30:08 AM, False, Not Annotated, False,,,947.1453,0.5434,,0.063420117,,
D8CF2232, ERROR_P1_Ls,947.6882, 26/1/2016 2:30:09 AM, False, Not Annotated, False,,,947.1453,0.5429,,0.063303461,,
D8CF2232, ERROR_P1_Ls,947.6896, 26/1/2016 2:30:10 AM, False, Not Annotated, False,,,947.1453,0.5443,,0.063630369,,
D8CF2232, ERROR_P1_Ls,947.6906, 26/1/2016 2:30:11 AM, False, Not Annotated, False,,,947.1453,0.5453,,0.06386439,,
D8CF2232, ERROR_P1_Ls,947.6913, 26/1/2016 2:30:12 AM, False, Not Annotated, False,,,947.1453,0.546,,0.06402846,,
D8CF2232, ERROR_P1_Ls,947.6918, 26/1/2016 2:30:13 AM, False, Not Annotated, False,,,947.1453,0.5465,,0.064145782,,
D8CF2232, ERROR_P1_Ls,947.6927, 26/1/2016 2:30:14 AM, False, Not Annotated, False,,,947.1453,0.5474,,0.064357232,,
D8CF2232, ERROR_P1_Ls,947.6933, 26/1/2016 2:30:15 AM, False, Not Annotated, False,,,947.1453,0.548,,0.064498392,,
D8CF2232, ERROR_P1_Ls,947.6937, 26/1/2016 2:30:16 AM, False, Not Annotated, False,,,947.1453,0.5484,,0.064592585,,
D8CF2232, ERROR_P1_Ls,947.6961, 26/1/2016 2:30:17 AM, False, Not Annotated, False,,,947.1453,0.5508,,0.065159184,,
D8CF2232, ERROR_P1_Ls,947.6978, 26/1/2016 2:30:18 AM, False, Not Annotated, False,,,947.1453,0.5525,,0.065562022,,
D8CF2232, ERROR_P1_Ls,947.699, 26/1/2016 2:30:19 AM, False, Not Annotated, False,,,947.1453,0.5537,,0.065847125,,
D8CF2232, ERROR_P1_Ls,947.699, 26/1/2016 2:30:20 AM, False, Not Annotated, False,,,947.1453,0.5537,,0.065847125,,
D8CF2232, ERROR_P1_Ls,947.7026, 26/1/2016 2:30:21 AM, False, Not Annotated, False,,,947.1453,0.5573,,0.066706147,,
D8CF2232, ERROR_P1_Ls,947.7054, 26/1/2016 2:30:22 AM, False, Not Annotated, False,,,947.1453,0.5601,,0.067378124,,
D8CF2232, ERROR_P1_Ls,947.7078, 26/1/2016 2:30:23 AM, False, Not Annotated, False,,,947.1453,0.5625,,0.067956785,,
D8CF2232, ERROR_P1_Ls,947.7081, 26/1/2016 2:30:24 AM, False, Not Annotated, False,,,947.1453,0.5628,,0.068029292,,
D8CF2232, ERROR_P1_Ls,947.7083, 26/1/2016 2:30:25 AM, False, Not Annotated, False,,,947.1453,0.563,,0.068077651,,
D8CF2232, ERROR_P1_Ls,947.7085, 26/1/2016 2:30:26 AM, False, Not Annotated, False,,,947.1453,0.5632,,0.068126027,,
D8CF2232, ERROR_P1_Ls,947.7078, 26/1/2016 2:30:27 AM, False, Not Annotated, False,,,947.1453,0.5625,,0.067956785,,
D8CF2232, ERROR_P1_Ls,947.7074, 26/1/2016 2:30:28 AM, False, Not Annotated, False,,,947.1453,0.5621,,0.06786017,,
D8CF2232, ERROR_P1_Ls,947.707, 26/1/2016 2:30:29 AM, False, Not Annotated, False,,,947.1453,0.5617,,0.067763623,,
D8CF2232, ERROR_P1_Ls,947.7064, 26/1/2016 2:30:30 AM, False, Not Annotated, False,,,947.1453,0.5611,,0.067618932,,
D8CF2232, ERROR_P1_Ls,947.7038, 26/1/2016 2:30:31 AM, False, Not Annotated, False,,,947.1453,0.5585,,0.066993725,,
D8CF2232, ERROR_P1_Ls,947.7015, 26/1/2016 2:30:32 AM, False, Not Annotated, False,,,947.1453,0.5562,,0.066443078,,
D8CF2232, ERROR_P1_Ls,947.6988, 26/1/2016 2:30:33 AM, False, Not Annotated, False,,,947.1453,0.5535,,0.065799565,,
D8CF2232, ERROR_P1_Ls,947.6959, 26/1/2016 2:30:34 AM, False, Not Annotated, False,,,947.1453,0.5506,,0.065111873,,
D8CF2232, ERROR_P1_Ls,947.6937, 26/1/2016 2:30:35 AM, False, Not Annotated, False,,,947.1453,0.5484,,0.064592585,,
D8CF2232, ERROR_P1_Ls,947.6921, 26/1/2016 2:30:36 AM, False, Not Annotated, False,,,947.1453,0.5468,,0.064216227,,
D8CF2232, ERROR_P1_Ls,947.6902, 26/1/2016 2:30:37 AM, False, Not Annotated, False,,,947.1453,0.5449,,0.06377073,,
D8CF2232, ERROR_P1_Ls,947.689, 26/1/2016 2:30:38 AM, False, Not Annotated, False,,,947.1453,0.5437,,0.063490162,,
D8CF2232, ERROR_P1_Ls,947.6894, 26/1/2016 2:30:39 AM, False, Not Annotated, False,,,947.1453,0.5441,,0.063583616,,
D8CF2232, ERROR_P1_Ls,947.6894, 26/1/2016 2:30:40 AM, False, Not Annotated, False,,,947.1453,0.5441,,0.063583616,,
D8CF2232, ERROR_P1_Ls,947.6897, 26/1/2016 2:30:41 AM, False, Not Annotated, False,,,944.1453,3.5444,,2.698194344,,
D8CF2232, ERROR_P1_Ls,947.692, 26/1/2016 2:30:42 AM, False, Not Annotated, False,,,944.1453,3.5467,,2.701697256,,
D8CF2232, ERROR_P1_Ls,946.8036, 26/1/2016 2:30:43 AM, False, Not Annotated, False,,,944.1453,2.6583,,1.517734319,,
D8CF2232, ERROR_P1_Ls,945.7374, 26/1/2016 2:30:44 AM, False, Not Annotated, False,,,944.1453,1.5921,,0.544412962,,
D8CF2232, ERROR_P1_Ls,945.4276, 26/1/2016 2:30:45 AM, False, Not Annotated, False,,,944.1453,1.2823,,0.35315638,,
D8CF2232, ERROR_P1_Ls,945.2091, 26/1/2016 2:30:46 AM, False, Not Annotated, False,,,944.1453,1.0638,,0.243056782,,
D8CF2232, ERROR_P1_Ls,945.0535, 26/1/2016 2:30:47 AM, False, Not Annotated, False,,,944.1453,0.9082,,0.17715392,,
D8CF2232, ERROR_P1_Ls,944.9441, 26/1/2016 2:30:48 AM, False, Not Annotated, False,,,944.1453,0.7988,,0.137045217,,
D8CF2232, ERROR_P1_Ls,944.8679, 26/1/2016 2:30:49 AM, False, Not Annotated, False,,,944.1453,0.7226,,0.112145974,,
D8CF2232, ERROR_P1_Ls,944.8152, 26/1/2016 2:30:50 AM, False, Not Annotated, False,,,944.1453,0.6699,,0.096384617,,
D8CF2232, ERROR_P1_Ls,944.7788, 26/1/2016 2:30:51 AM, False, Not Annotated, False,,,944.1453,0.6335,,0.086194789,,
D8CF2232, ERROR_P1_Ls,944.7531, 26/1/2016 2:30:52 AM, False, Not Annotated, False,,,944.1453,0.6078,,0.0793431,,
D8CF2232, ERROR_P1_Ls,944.7327, 26/1/2016 2:30:53 AM, False, Not Annotated, False,,,944.1453,0.5874,,0.07410639,,
D8CF2232, ERROR_P1_Ls,944.7184, 26/1/2016 2:30:54 AM, False, Not Annotated, False,,,944.1453,0.5731,,0.070542133,,
D8CF2232, ERROR_P1_Ls,944.709, 26/1/2016 2:30:55 AM, False, Not Annotated, False,,,944.1453,0.5637,,0.068247043,,
D8CF2232, ERROR_P1_Ls,944.7038, 26/1/2016 2:30:56 AM, False, Not Annotated, False,,,944.1453,0.5585,,0.066993725,,
D8CF2232, ERROR_P1_Ls,944.7006, 26/1/2016 2:30:57 AM, False, Not Annotated, False,,,944.1453,0.5553,,0.066228225,,
D8CF2232, ERROR_P1_Ls,944.6983, 26/1/2016 2:30:58 AM, False, Not Annotated, False,,,944.1453,0.553,,0.06568074,,
D8CF2232, ERROR_P1_Ls,944.6967, 26/1/2016 2:30:59 AM, False, Not Annotated, False,,,944.1453,0.5514,,0.06530122,,
