Server, Tagname, Value, Timestamp, Questionable, Annotated, Substituted
D8CF2232, SWAT_SUTD:RSLinx Enterprise:P3.HMI_LIT301.Pv, 799.3544, 26/1/2016 1:43:00 AM, False, Not Annotated, False
D8CF2232, SWAT_SUTD:RSLinx Enterprise:P3.HMI_LIT301.Pv, 799.2742, 26/1/2016 1:43:01 AM, False, Not Annotated, False
D8CF2232, SWAT_SUTD:RSLinx Enterprise:P3.HMI_LIT301.Pv, 799.5947, 26/1/2016 1:43:02 AM, False, Not Annotated, False
D8CF2232, SWAT_SUTD:RSLinx Enterprise:P3.HMI_LIT301.Pv, 799.5546, 26/1/2016 1:43:03 AM, False, Not Annotated, False
D8CF2232, SWAT_SUTD:RSLinx Enterprise:P3.HMI_LIT301.Pv, 799.9952, 26/1/2016 1:43:04 AM, False, Not Annotated, False
D8CF2232, SWAT_SUTD:RSLinx Enterprise:P3.HMI_LIT301.Pv, 800.0753, 26/1/2016 1:43:05 AM, False, Not Annotated, False
D8CF2232, SWAT_SUTD:RSLinx Enterprise:P3.HMI_LIT301.Pv, 799.6748, 26/1/2016 1:43:06 AM, False, Not Annotated, False
D8CF2232, SWAT_SUTD:RSLinx Enterprise:P3.HMI_LIT301.Pv, 799.9551, 26/1/2016 1:43:07 AM, False, Not Annotated, False
D8CF2232, SWAT_SUTD:RSLinx Enterprise:P3.HMI_LIT301.Pv, 799.9151, 26/1/2016 1:43:08 AM, False, Not Annotated, False
D8CF2232, SWAT_SUTD:RSLinx Enterprise:P3.HMI_LIT301.Pv, 799.7549, 26/1/2016 1:43:09 AM, False, Not Annotated, False
D8CF2232, SWAT_SUTD:RSLinx Enterprise:P3.HMI_LIT301.Pv, 800.2756, 26/1/2016 1:43:10 AM, False, Not Annotated, False
D8CF2232, SWAT_SUTD:RSLinx Enterprise:P3.HMI_LIT301.Pv, 800.2756, 26/1/2016 1:43:11 AM, False, Not Annotated, False
D8CF2232, SWAT_SUTD:RSLinx Enterprise:P3.HMI_LIT301.Pv, 799.9151, 26/1/2016 1:43:12 AM, False, Not Annotated, False
D8CF2232, SWAT_SUTD:RSLinx Enterprise:P3.HMI_LIT301.Pv, 799.5546, 26/1/2016 1:43:13 AM, False, Not Annotated, False
D8CF2232, SWAT_SUTD:RSLinx Enterprise:P3.HMI_LIT301.Pv, 799.6748, 26/1/2016 1:43:14 AM, False, Not Annotated, False
D8CF2232, SWAT_SUTD:RSLinx Enterprise:P3.HMI_LIT301.Pv, 799.6748, 26/1/2016 1:43:15 AM, False, Not Annotated, False
D8CF2232, SWAT_SUTD:RSLinx Enterprise:P3.HMI_LIT301.Pv, 799.6748, 26/1/2016 1:43:16 AM, False, Not Annotated, False
D8CF2232, SWAT_SUTD:RSLinx Enterprise:P3.HMI_LIT301.Pv, 799.3544, 26/1/2016 1:43:17 AM, False, Not Annotated, False
D8CF2232, SWAT_SUTD:RSLinx Enterprise:P3.HMI_LIT301.Pv, 799.5146, 26/1/2016 1:43:18 AM, False, Not Annotated, False
D8CF2232, SWAT_SUTD:RSLinx Enterprise:P3.HMI_LIT301.Pv, 799.1541, 26/1/2016 1:43:19 AM, False, Not Annotated, False
D8CF2232, SWAT_SUTD:RSLinx Enterprise:P3.HMI_LIT301.Pv, 799.114, 26/1/2016 1:43:20 AM, False, Not Annotated, False
D8CF2232, SWAT_SUTD:RSLinx Enterprise:P3.HMI_LIT301.Pv, 799.1541, 26/1/2016 1:43:21 AM, False, Not Annotated, False
D8CF2232, SWAT_SUTD:RSLinx Enterprise:P3.HMI_LIT301.Pv, 799.4745, 26/1/2016 1:43:22 AM, False, Not Annotated, False
D8CF2232, SWAT_SUTD:RSLinx Enterprise:P3.HMI_LIT301.Pv, 799.3544, 26/1/2016 1:43:23 AM, False, Not Annotated, False
D8CF2232, SWAT_SUTD:RSLinx Enterprise:P3.HMI_LIT301.Pv, 798.9538, 26/1/2016 1:43:24 AM, False, Not Annotated, False
D8CF2232, SWAT_SUTD:RSLinx Enterprise:P3.HMI_LIT301.Pv, 799.2742, 26/1/2016 1:43:25 AM, False, Not Annotated, False
D8CF2232, SWAT_SUTD:RSLinx Enterprise:P3.HMI_LIT301.Pv, 799.3143, 26/1/2016 1:43:26 AM, False, Not Annotated, False
D8CF2232, SWAT_SUTD:RSLinx Enterprise:P3.HMI_LIT301.Pv, 799.1942, 26/1/2016 1:43:27 AM, False, Not Annotated, False
D8CF2232, SWAT_SUTD:RSLinx Enterprise:P3.HMI_LIT301.Pv, 798.9138, 26/1/2016 1:43:28 AM, False, Not Annotated, False
D8CF2232, SWAT_SUTD:RSLinx Enterprise:P3.HMI_LIT301.Pv, 798.9538, 26/1/2016 1:43:29 AM, False, Not Annotated, False
D8CF2232, SWAT_SUTD:RSLinx Enterprise:P3.HMI_LIT301.Pv, 799.1541, 26/1/2016 1:43:30 AM, False, Not Annotated, False
D8CF2232, SWAT_SUTD:RSLinx Enterprise:P3.HMI_LIT301.Pv, 799.1541, 26/1/2016 1:43:31 AM, False, Not Annotated, False
D8CF2232, SWAT_SUTD:RSLinx Enterprise:P3.HMI_LIT301.Pv, 799.1541, 26/1/2016 1:43:32 AM, False, Not Annotated, False
D8CF2232, SWAT_SUTD:RSLinx Enterprise:P3.HMI_LIT301.Pv, 799.074, 26/1/2016 1:43:33 AM, False, Not Annotated, False
D8CF2232, SWAT_SUTD:RSLinx Enterprise:P3.HMI_LIT301.Pv, 799.114, 26/1/2016 1:43:34 AM, False, Not Annotated, False
D8CF2232, SWAT_SUTD:RSLinx Enterprise:P3.HMI_LIT301.Pv, 799.074, 26/1/2016 1:43:35 AM, False, Not Annotated, False
D8CF2232, SWAT_SUTD:RSLinx Enterprise:P3.HMI_LIT301.Pv, 799.2742, 26/1/2016 1:43:36 AM, False, Not Annotated, False
D8CF2232, SWAT_SUTD:RSLinx Enterprise:P3.HMI_LIT301.Pv, 799.3143, 26/1/2016 1:43:37 AM, False, Not Annotated, False
D8CF2232, SWAT_SUTD:RSLinx Enterprise:P3.HMI_LIT301.Pv, 799.3143, 26/1/2016 1:43:38 AM, False, Not Annotated, False
D8CF2232, SWAT_SUTD:RSLinx Enterprise:P3.HMI_LIT301.Pv, 799.114, 26/1/2016 1:43:39 AM, False, Not Annotated, False
D8CF2232, SWAT_SUTD:RSLinx Enterprise:P3.HMI_LIT301.Pv, 799.3544, 26/1/2016 1:43:40 AM, False, Not Annotated, False
D8CF2232, SWAT_SUTD:RSLinx Enterprise:P3.HMI_LIT301.Pv, 799.3544, 26/1/2016 1:43:41 AM, False, Not Annotated, False
D8CF2232, SWAT_SUTD:RSLinx Enterprise:P3.HMI_LIT301.Pv, 799.3544, 26/1/2016 1:43:42 AM, False, Not Annotated, False
D8CF2232, SWAT_SUTD:RSLinx Enterprise:P3.HMI_LIT301.Pv, 799.5947, 26/1/2016 1:43:43 AM, False, Not Annotated, False
D8CF2232, SWAT_SUTD:RSLinx Enterprise:P3.HMI_LIT301.Pv, 798.9939, 26/1/2016 1:43:44 AM, False, Not Annotated, False
D8CF2232, SWAT_SUTD:RSLinx Enterprise:P3.HMI_LIT301.Pv, 798.9939, 26/1/2016 1:43:45 AM, False, Not Annotated, False
D8CF2232, SWAT_SUTD:RSLinx Enterprise:P3.HMI_LIT301.Pv, 799.1942, 26/1/2016 1:43:46 AM, False, Not Annotated, False
D8CF2232, SWAT_SUTD:RSLinx Enterprise:P3.HMI_LIT301.Pv, 799.114, 26/1/2016 1:43:47 AM, False, Not Annotated, False
D8CF2232, SWAT_SUTD:RSLinx Enterprise:P3.HMI_LIT301.Pv, 798.9939, 26/1/2016 1:43:48 AM, False, Not Annotated, False
D8CF2232, SWAT_SUTD:RSLinx Enterprise:P3.HMI_LIT301.Pv, 798.9939, 26/1/2016 1:43:49 AM, False, Not Annotated, False
D8CF2232, SWAT_SUTD:RSLinx Enterprise:P3.HMI_LIT301.Pv, 798.7135, 26/1/2016 1:43:50 AM, False, Not Annotated, False
D8CF2232, SWAT_SUTD:RSLinx Enterprise:P3.HMI_LIT301.Pv, 798.6735, 26/1/2016 1:43:51 AM, False, Not Annotated, False
D8CF2232, SWAT_SUTD:RSLinx Enterprise:P3.HMI_LIT301.Pv, 798.7135, 26/1/2016 1:43:52 AM, False, Not Annotated, False
D8CF2232, SWAT_SUTD:RSLinx Enterprise:P3.HMI_LIT301.Pv, 798.7135, 26/1/2016 1:43:53 AM, False, Not Annotated, False
D8CF2232, SWAT_SUTD:RSLinx Enterprise:P3.HMI_LIT301.Pv, 798.5933, 26/1/2016 1:43:54 AM, False, Not Annotated, False
D8CF2232, SWAT_SUTD:RSLinx Enterprise:P3.HMI_LIT301.Pv, 798.9939, 26/1/2016 1:43:55 AM, False, Not Annotated, False
D8CF2232, SWAT_SUTD:RSLinx Enterprise:P3.HMI_LIT301.Pv, 798.7936, 26/1/2016 1:43:56 AM, False, Not Annotated, False
D8CF2232, SWAT_SUTD:RSLinx Enterprise:P3.HMI_LIT301.Pv, 798.7135, 26/1/2016 1:43:57 AM, False, Not Annotated, False
D8CF2232, SWAT_SUTD:RSLinx Enterprise:P3.HMI_LIT301.Pv, 798.6735, 26/1/2016 1:43:58 AM, False, Not Annotated, False
D8CF2232, SWAT_SUTD:RSLinx Enterprise:P3.HMI_LIT301.Pv, 798.9538, 26/1/2016 1:43:59 AM, False, Not Annotated, False
D8CF2232, SWAT_SUTD:RSLinx Enterprise:P3.HMI_LIT301.Pv, 798.7936, 26/1/2016 1:44:00 AM, False, Not Annotated, False
D8CF2232, SWAT_SUTD:RSLinx Enterprise:P3.HMI_LIT301.Pv, 798.7535, 26/1/2016 1:44:01 AM, False, Not Annotated, False
D8CF2232, SWAT_SUTD:RSLinx Enterprise:P3.HMI_LIT301.Pv, 798.5533, 26/1/2016 1:44:02 AM, False, Not Annotated, False
D8CF2232, SWAT_SUTD:RSLinx Enterprise:P3.HMI_LIT301.Pv, 798.7535, 26/1/2016 1:44:03 AM, False, Not Annotated, False
D8CF2232, SWAT_SUTD:RSLinx Enterprise:P3.HMI_LIT301.Pv, 798.9138, 26/1/2016 1:44:04 AM, False, Not Annotated, False
D8CF2232, SWAT_SUTD:RSLinx Enterprise:P3.HMI_LIT301.Pv, 798.9138, 26/1/2016 1:44:05 AM, False, Not Annotated, False
D8CF2232, SWAT_SUTD:RSLinx Enterprise:P3.HMI_LIT301.Pv, 798.7135, 26/1/2016 1:44:06 AM, False, Not Annotated, False
D8CF2232, SWAT_SUTD:RSLinx Enterprise:P3.HMI_LIT301.Pv, 799.074, 26/1/2016 1:44:07 AM, False, Not Annotated, False
D8CF2232, SWAT_SUTD:RSLinx Enterprise:P3.HMI_LIT301.Pv, 798.8737, 26/1/2016 1:44:08 AM, False, Not Annotated, False
D8CF2232, SWAT_SUTD:RSLinx Enterprise:P3.HMI_LIT301.Pv, 798.8737, 26/1/2016 1:44:09 AM, False, Not Annotated, False
D8CF2232, SWAT_SUTD:RSLinx Enterprise:P3.HMI_LIT301.Pv, 799.074, 26/1/2016 1:44:10 AM, False, Not Annotated, False
D8CF2232, SWAT_SUTD:RSLinx Enterprise:P3.HMI_LIT301.Pv, 799.3143, 26/1/2016 1:44:11 AM, False, Not Annotated, False
D8CF2232, SWAT_SUTD:RSLinx Enterprise:P3.HMI_LIT301.Pv, 799.7148, 26/1/2016 1:44:12 AM, False, Not Annotated, False
D8CF2232, SWAT_SUTD:RSLinx Enterprise:P3.HMI_LIT301.Pv, 799.5546, 26/1/2016 1:44:13 AM, False, Not Annotated, False
D8CF2232, SWAT_SUTD:RSLinx Enterprise:P3.HMI_LIT301.Pv, 799.9551, 26/1/2016 1:44:14 AM, False, Not Annotated, False
D8CF2232, SWAT_SUTD:RSLinx Enterprise:P3.HMI_LIT301.Pv, 799.5546, 26/1/2016 1:44:15 AM, False, Not Annotated, False
D8CF2232, SWAT_SUTD:RSLinx Enterprise:P3.HMI_LIT301.Pv, 799.7148, 26/1/2016 1:44:16 AM, False, Not Annotated, False
D8CF2232, SWAT_SUTD:RSLinx Enterprise:P3.HMI_LIT301.Pv, 799.9551, 26/1/2016 1:44:17 AM, False, Not Annotated, False
D8CF2232, SWAT_SUTD:RSLinx Enterprise:P3.HMI_LIT301.Pv, 799.6748, 26/1/2016 1:44:18 AM, False, Not Annotated, False
D8CF2232, SWAT_SUTD:RSLinx Enterprise:P3.HMI_LIT301.Pv, 799.5947, 26/1/2016 1:44:19 AM, False, Not Annotated, False
D8CF2232, SWAT_SUTD:RSLinx Enterprise:P3.HMI_LIT301.Pv, 799.6748, 26/1/2016 1:44:20 AM, False, Not Annotated, False
D8CF2232, SWAT_SUTD:RSLinx Enterprise:P3.HMI_LIT301.Pv, 799.5947, 26/1/2016 1:44:21 AM, False, Not Annotated, False
D8CF2232, SWAT_SUTD:RSLinx Enterprise:P3.HMI_LIT301.Pv, 799.3544, 26/1/2016 1:44:22 AM, False, Not Annotated, False
D8CF2232, SWAT_SUTD:RSLinx Enterprise:P3.HMI_LIT301.Pv, 799.5146, 26/1/2016 1:44:23 AM, False, Not Annotated, False
D8CF2232, SWAT_SUTD:RSLinx Enterprise:P3.HMI_LIT301.Pv, 799.2742, 26/1/2016 1:44:24 AM, False, Not Annotated, False
D8CF2232, SWAT_SUTD:RSLinx Enterprise:P3.HMI_LIT301.Pv, 799.114, 26/1/2016 1:44:25 AM, False, Not Annotated, False
D8CF2232, SWAT_SUTD:RSLinx Enterprise:P3.HMI_LIT301.Pv, 799.2742, 26/1/2016 1:44:26 AM, False, Not Annotated, False
D8CF2232, SWAT_SUTD:RSLinx Enterprise:P3.HMI_LIT301.Pv, 799.1541, 26/1/2016 1:44:27 AM, False, Not Annotated, False
D8CF2232, SWAT_SUTD:RSLinx Enterprise:P3.HMI_LIT301.Pv, 798.9939, 26/1/2016 1:44:28 AM, False, Not Annotated, False
D8CF2232, SWAT_SUTD:RSLinx Enterprise:P3.HMI_LIT301.Pv, 798.9138, 26/1/2016 1:44:29 AM, False, Not Annotated, False
D8CF2232, SWAT_SUTD:RSLinx Enterprise:P3.HMI_LIT301.Pv, 798.9939, 26/1/2016 1:44:30 AM, False, Not Annotated, False
D8CF2232, SWAT_SUTD:RSLinx Enterprise:P3.HMI_LIT301.Pv, 798.7535, 26/1/2016 1:44:31 AM, False, Not Annotated, False
D8CF2232, SWAT_SUTD:RSLinx Enterprise:P3.HMI_LIT301.Pv, 798.6735, 26/1/2016 1:44:32 AM, False, Not Annotated, False
D8CF2232, SWAT_SUTD:RSLinx Enterprise:P3.HMI_LIT301.Pv, 798.8737, 26/1/2016 1:44:33 AM, False, Not Annotated, False
D8CF2232, SWAT_SUTD:RSLinx Enterprise:P3.HMI_LIT301.Pv, 798.9939, 26/1/2016 1:44:34 AM, False, Not Annotated, False
D8CF2232, SWAT_SUTD:RSLinx Enterprise:P3.HMI_LIT301.Pv, 799.1942, 26/1/2016 1:44:35 AM, False, Not Annotated, False
D8CF2232, SWAT_SUTD:RSLinx Enterprise:P3.HMI_LIT301.Pv, 799.3143, 26/1/2016 1:44:36 AM, False, Not Annotated, False
D8CF2232, SWAT_SUTD:RSLinx Enterprise:P3.HMI_LIT301.Pv, 799.074, 26/1/2016 1:44:37 AM, False, Not Annotated, False
D8CF2232, SWAT_SUTD:RSLinx Enterprise:P3.HMI_LIT301.Pv, 799.1541, 26/1/2016 1:44:38 AM, False, Not Annotated, False
D8CF2232, SWAT_SUTD:RSLinx Enterprise:P3.HMI_LIT301.Pv, 799.5947, 26/1/2016 1:44:39 AM, False, Not Annotated, False
D8CF2232, SWAT_SUTD:RSLinx Enterprise:P3.HMI_LIT301.Pv, 799.7148, 26/1/2016 1:44:40 AM, False, Not Annotated, False
D8CF2232, SWAT_SUTD:RSLinx Enterprise:P3.HMI_LIT301.Pv, 799.9551, 26/1/2016 1:44:41 AM, False, Not Annotated, False
D8CF2232, SWAT_SUTD:RSLinx Enterprise:P3.HMI_LIT301.Pv, 800.1955, 26/1/2016 1:44:42 AM, False, Not Annotated, False
D8CF2232, SWAT_SUTD:RSLinx Enterprise:P3.HMI_LIT301.Pv, 800.1154, 26/1/2016 1:44:43 AM, False, Not Annotated, False
D8CF2232, SWAT_SUTD:RSLinx Enterprise:P3.HMI_LIT301.Pv, 799.7949, 26/1/2016 1:44:44 AM, False, Not Annotated, False
D8CF2232, SWAT_SUTD:RSLinx Enterprise:P3.HMI_LIT301.Pv, 800.2756, 26/1/2016 1:44:45 AM, False, Not Annotated, False
D8CF2232, SWAT_SUTD:RSLinx Enterprise:P3.HMI_LIT301.Pv, 800.1154, 26/1/2016 1:44:46 AM, False, Not Annotated, False
D8CF2232, SWAT_SUTD:RSLinx Enterprise:P3.HMI_LIT301.Pv, 800.4758, 26/1/2016 1:44:47 AM, False, Not Annotated, False
D8CF2232, SWAT_SUTD:RSLinx Enterprise:P3.HMI_LIT301.Pv, 800.3156, 26/1/2016 1:44:48 AM, False, Not Annotated, False
D8CF2232, SWAT_SUTD:RSLinx Enterprise:P3.HMI_LIT301.Pv, 799.8751, 26/1/2016 1:44:49 AM, False, Not Annotated, False
D8CF2232, SWAT_SUTD:RSLinx Enterprise:P3.HMI_LIT301.Pv, 799.9952, 26/1/2016 1:44:50 AM, False, Not Annotated, False
D8CF2232, SWAT_SUTD:RSLinx Enterprise:P3.HMI_LIT301.Pv, 799.9151, 26/1/2016 1:44:51 AM, False, Not Annotated, False
D8CF2232, SWAT_SUTD:RSLinx Enterprise:P3.HMI_LIT301.Pv, 799.3544, 26/1/2016 1:44:52 AM, False, Not Annotated, False
D8CF2232, SWAT_SUTD:RSLinx Enterprise:P3.HMI_LIT301.Pv, 799.2742, 26/1/2016 1:44:53 AM, False, Not Annotated, False
D8CF2232, SWAT_SUTD:RSLinx Enterprise:P3.HMI_LIT301.Pv, 799.3944, 26/1/2016 1:44:54 AM, False, Not Annotated, False
D8CF2232, SWAT_SUTD:RSLinx Enterprise:P3.HMI_LIT301.Pv, 799.2742, 26/1/2016 1:44:55 AM, False, Not Annotated, False
D8CF2232, SWAT_SUTD:RSLinx Enterprise:P3.HMI_LIT301.Pv, 798.9939, 26/1/2016 1:44:56 AM, False, Not Annotated, False
D8CF2232, SWAT_SUTD:RSLinx Enterprise:P3.HMI_LIT301.Pv, 798.9138, 26/1/2016 1:44:57 AM, False, Not Annotated, False
D8CF2232, SWAT_SUTD:RSLinx Enterprise:P3.HMI_LIT301.Pv, 799.114, 26/1/2016 1:44:58 AM, False, Not Annotated, False
D8CF2232, SWAT_SUTD:RSLinx Enterprise:P3.HMI_LIT301.Pv, 799.5146, 26/1/2016 1:44:59 AM, False, Not Annotated, False
D8CF2232, SWAT_SUTD:RSLinx Enterprise:P3.HMI_LIT301.Pv, 799.9151, 26/1/2016 1:45:00 AM, False, Not Annotated, False
D8CF2232, SWAT_SUTD:RSLinx Enterprise:P3.HMI_LIT301.Pv, 799.8751, 26/1/2016 1:45:01 AM, False, Not Annotated, False
D8CF2232, SWAT_SUTD:RSLinx Enterprise:P3.HMI_LIT301.Pv, 799.9551, 26/1/2016 1:45:02 AM, False, Not Annotated, False
D8CF2232, SWAT_SUTD:RSLinx Enterprise:P3.HMI_LIT301.Pv, 800.3156, 26/1/2016 1:45:03 AM, False, Not Annotated, False
D8CF2232, SWAT_SUTD:RSLinx Enterprise:P3.HMI_LIT301.Pv, 800.1555, 26/1/2016 1:45:04 AM, False, Not Annotated, False
D8CF2232, SWAT_SUTD:RSLinx Enterprise:P3.HMI_LIT301.Pv, 800.2756, 26/1/2016 1:45:05 AM, False, Not Annotated, False
D8CF2232, SWAT_SUTD:RSLinx Enterprise:P3.HMI_LIT301.Pv, 800.3557, 26/1/2016 1:45:06 AM, False, Not Annotated, False
D8CF2232, SWAT_SUTD:RSLinx Enterprise:P3.HMI_LIT301.Pv, 800.4758, 26/1/2016 1:45:07 AM, False, Not Annotated, False
D8CF2232, SWAT_SUTD:RSLinx Enterprise:P3.HMI_LIT301.Pv, 800.7963, 26/1/2016 1:45:08 AM, False, Not Annotated, False
D8CF2232, SWAT_SUTD:RSLinx Enterprise:P3.HMI_LIT301.Pv, 800.9164, 26/1/2016 1:45:09 AM, False, Not Annotated, False
D8CF2232, SWAT_SUTD:RSLinx Enterprise:P3.HMI_LIT301.Pv, 800.9164, 26/1/2016 1:45:10 AM, False, Not Annotated, False
D8CF2232, SWAT_SUTD:RSLinx Enterprise:P3.HMI_LIT301.Pv, 801.3571, 26/1/2016 1:45:11 AM, False, Not Annotated, False
D8CF2232, SWAT_SUTD:RSLinx Enterprise:P3.HMI_LIT301.Pv, 801.1968, 26/1/2016 1:45:12 AM, False, Not Annotated, False
D8CF2232, SWAT_SUTD:RSLinx Enterprise:P3.HMI_LIT301.Pv, 801.7976, 26/1/2016 1:45:13 AM, False, Not Annotated, False
D8CF2232, SWAT_SUTD:RSLinx Enterprise:P3.HMI_LIT301.Pv, 802.5587, 26/1/2016 1:45:14 AM, False, Not Annotated, False
D8CF2232, SWAT_SUTD:RSLinx Enterprise:P3.HMI_LIT301.Pv, 802.4786, 26/1/2016 1:45:15 AM, False, Not Annotated, False
D8CF2232, SWAT_SUTD:RSLinx Enterprise:P3.HMI_LIT301.Pv, 802.7189, 26/1/2016 1:45:16 AM, False, Not Annotated, False
D8CF2232, SWAT_SUTD:RSLinx Enterprise:P3.HMI_LIT301.Pv, 802.9993, 26/1/2016 1:45:17 AM, False, Not Annotated, False
D8CF2232, SWAT_SUTD:RSLinx Enterprise:P3.HMI_LIT301.Pv, 802.8791, 26/1/2016 1:45:18 AM, False, Not Annotated, False
D8CF2232, SWAT_SUTD:RSLinx Enterprise:P3.HMI_LIT301.Pv, 803.1194, 26/1/2016 1:45:19 AM, False, Not Annotated, False
D8CF2232, SWAT_SUTD:RSLinx Enterprise:P3.HMI_LIT301.Pv, 803.0793, 26/1/2016 1:45:20 AM, False, Not Annotated, False
D8CF2232, SWAT_SUTD:RSLinx Enterprise:P3.HMI_LIT301.Pv, 803.0793, 26/1/2016 1:45:21 AM, False, Not Annotated, False
D8CF2232, SWAT_SUTD:RSLinx Enterprise:P3.HMI_LIT301.Pv, 803.6, 26/1/2016 1:45:22 AM, False, Not Annotated, False
D8CF2232, SWAT_SUTD:RSLinx Enterprise:P3.HMI_LIT301.Pv, 803.7202, 26/1/2016 1:45:23 AM, False, Not Annotated, False
D8CF2232, SWAT_SUTD:RSLinx Enterprise:P3.HMI_LIT301.Pv, 803.7603, 26/1/2016 1:45:24 AM, False, Not Annotated, False
D8CF2232, SWAT_SUTD:RSLinx Enterprise:P3.HMI_LIT301.Pv, 803.56, 26/1/2016 1:45:25 AM, False, Not Annotated, False
D8CF2232, SWAT_SUTD:RSLinx Enterprise:P3.HMI_LIT301.Pv, 803.6, 26/1/2016 1:45:26 AM, False, Not Annotated, False
D8CF2232, SWAT_SUTD:RSLinx Enterprise:P3.HMI_LIT301.Pv, 803.6802, 26/1/2016 1:45:27 AM, False, Not Annotated, False
D8CF2232, SWAT_SUTD:RSLinx Enterprise:P3.HMI_LIT301.Pv, 803.6, 26/1/2016 1:45:28 AM, False, Not Annotated, False
D8CF2232, SWAT_SUTD:RSLinx Enterprise:P3.HMI_LIT301.Pv, 803.6802, 26/1/2016 1:45:29 AM, False, Not Annotated, False
D8CF2232, SWAT_SUTD:RSLinx Enterprise:P3.HMI_LIT301.Pv, 803.6, 26/1/2016 1:45:30 AM, False, Not Annotated, False
D8CF2232, SWAT_SUTD:RSLinx Enterprise:P3.HMI_LIT301.Pv, 803.56, 26/1/2016 1:45:31 AM, False, Not Annotated, False
D8CF2232, SWAT_SUTD:RSLinx Enterprise:P3.HMI_LIT301.Pv, 803.2796, 26/1/2016 1:45:32 AM, False, Not Annotated, False
D8CF2232, SWAT_SUTD:RSLinx Enterprise:P3.HMI_LIT301.Pv, 803.3998, 26/1/2016 1:45:33 AM, False, Not Annotated, False
D8CF2232, SWAT_SUTD:RSLinx Enterprise:P3.HMI_LIT301.Pv, 803.56, 26/1/2016 1:45:34 AM, False, Not Annotated, False
D8CF2232, SWAT_SUTD:RSLinx Enterprise:P3.HMI_LIT301.Pv, 803.3197, 26/1/2016 1:45:35 AM, False, Not Annotated, False
D8CF2232, SWAT_SUTD:RSLinx Enterprise:P3.HMI_LIT301.Pv, 803.4799, 26/1/2016 1:45:36 AM, False, Not Annotated, False
D8CF2232, SWAT_SUTD:RSLinx Enterprise:P3.HMI_LIT301.Pv, 803.6802, 26/1/2016 1:45:37 AM, False, Not Annotated, False
D8CF2232, SWAT_SUTD:RSLinx Enterprise:P3.HMI_LIT301.Pv, 803.6, 26/1/2016 1:45:38 AM, False, Not Annotated, False
D8CF2232, SWAT_SUTD:RSLinx Enterprise:P3.HMI_LIT301.Pv, 803.6, 26/1/2016 1:45:39 AM, False, Not Annotated, False
D8CF2232, SWAT_SUTD:RSLinx Enterprise:P3.HMI_LIT301.Pv, 803.56, 26/1/2016 1:45:40 AM, False, Not Annotated, False
D8CF2232, SWAT_SUTD:RSLinx Enterprise:P3.HMI_LIT301.Pv, 803.9606, 26/1/2016 1:45:41 AM, False, Not Annotated, False
D8CF2232, SWAT_SUTD:RSLinx Enterprise:P3.HMI_LIT301.Pv, 803.9205, 26/1/2016 1:45:42 AM, False, Not Annotated, False
D8CF2232, SWAT_SUTD:RSLinx Enterprise:P3.HMI_LIT301.Pv, 803.9205, 26/1/2016 1:45:43 AM, False, Not Annotated, False
D8CF2232, SWAT_SUTD:RSLinx Enterprise:P3.HMI_LIT301.Pv, 804.0006, 26/1/2016 1:45:44 AM, False, Not Annotated, False
D8CF2232, SWAT_SUTD:RSLinx Enterprise:P3.HMI_LIT301.Pv, 803.9606, 26/1/2016 1:45:45 AM, False, Not Annotated, False
D8CF2232, SWAT_SUTD:RSLinx Enterprise:P3.HMI_LIT301.Pv, 804.6014, 26/1/2016 1:45:46 AM, False, Not Annotated, False
D8CF2232, SWAT_SUTD:RSLinx Enterprise:P3.HMI_LIT301.Pv, 804.4813, 26/1/2016 1:45:47 AM, False, Not Annotated, False
D8CF2232, SWAT_SUTD:RSLinx Enterprise:P3.HMI_LIT301.Pv, 804.6014, 26/1/2016 1:45:48 AM, False, Not Annotated, False
D8CF2232, SWAT_SUTD:RSLinx Enterprise:P3.HMI_LIT301.Pv, 804.8818, 26/1/2016 1:45:49 AM, False, Not Annotated, False
D8CF2232, SWAT_SUTD:RSLinx Enterprise:P3.HMI_LIT301.Pv, 804.8017, 26/1/2016 1:45:50 AM, False, Not Annotated, False
D8CF2232, SWAT_SUTD:RSLinx Enterprise:P3.HMI_LIT301.Pv, 804.5213, 26/1/2016 1:45:51 AM, False, Not Annotated, False
D8CF2232, SWAT_SUTD:RSLinx Enterprise:P3.HMI_LIT301.Pv, 804.7216, 26/1/2016 1:45:52 AM, False, Not Annotated, False
D8CF2232, SWAT_SUTD:RSLinx Enterprise:P3.HMI_LIT301.Pv, 804.5213, 26/1/2016 1:45:53 AM, False, Not Annotated, False
D8CF2232, SWAT_SUTD:RSLinx Enterprise:P3.HMI_LIT301.Pv, 804.9619, 26/1/2016 1:45:54 AM, False, Not Annotated, False
D8CF2232, SWAT_SUTD:RSLinx Enterprise:P3.HMI_LIT301.Pv, 804.8017, 26/1/2016 1:45:55 AM, False, Not Annotated, False
D8CF2232, SWAT_SUTD:RSLinx Enterprise:P3.HMI_LIT301.Pv, 805.082, 26/1/2016 1:45:56 AM, False, Not Annotated, False
D8CF2232, SWAT_SUTD:RSLinx Enterprise:P3.HMI_LIT301.Pv, 804.8818, 26/1/2016 1:45:57 AM, False, Not Annotated, False
D8CF2232, SWAT_SUTD:RSLinx Enterprise:P3.HMI_LIT301.Pv, 804.7616, 26/1/2016 1:45:58 AM, False, Not Annotated, False
D8CF2232, SWAT_SUTD:RSLinx Enterprise:P3.HMI_LIT301.Pv, 804.9218, 26/1/2016 1:45:59 AM, False, Not Annotated, False
D8CF2232, SWAT_SUTD:RSLinx Enterprise:P3.HMI_LIT301.Pv, 804.8818, 26/1/2016 1:46:00 AM, False, Not Annotated, False
D8CF2232, SWAT_SUTD:RSLinx Enterprise:P3.HMI_LIT301.Pv, 804.8818, 26/1/2016 1:46:01 AM, False, Not Annotated, False
D8CF2232, SWAT_SUTD:RSLinx Enterprise:P3.HMI_LIT301.Pv, 804.6815, 26/1/2016 1:46:02 AM, False, Not Annotated, False
D8CF2232, SWAT_SUTD:RSLinx Enterprise:P3.HMI_LIT301.Pv, 804.9218, 26/1/2016 1:46:03 AM, False, Not Annotated, False
D8CF2232, SWAT_SUTD:RSLinx Enterprise:P3.HMI_LIT301.Pv, 804.8818, 26/1/2016 1:46:04 AM, False, Not Annotated, False
D8CF2232, SWAT_SUTD:RSLinx Enterprise:P3.HMI_LIT301.Pv, 805.002, 26/1/2016 1:46:05 AM, False, Not Annotated, False
D8CF2232, SWAT_SUTD:RSLinx Enterprise:P3.HMI_LIT301.Pv, 805.3624, 26/1/2016 1:46:06 AM, False, Not Annotated, False
D8CF2232, SWAT_SUTD:RSLinx Enterprise:P3.HMI_LIT301.Pv, 804.9218, 26/1/2016 1:46:07 AM, False, Not Annotated, False
D8CF2232, SWAT_SUTD:RSLinx Enterprise:P3.HMI_LIT301.Pv, 804.9619, 26/1/2016 1:46:08 AM, False, Not Annotated, False
D8CF2232, SWAT_SUTD:RSLinx Enterprise:P3.HMI_LIT301.Pv, 805.2823, 26/1/2016 1:46:09 AM, False, Not Annotated, False
D8CF2232, SWAT_SUTD:RSLinx Enterprise:P3.HMI_LIT301.Pv, 805.5627, 26/1/2016 1:46:10 AM, False, Not Annotated, False
D8CF2232, SWAT_SUTD:RSLinx Enterprise:P3.HMI_LIT301.Pv, 805.2823, 26/1/2016 1:46:11 AM, False, Not Annotated, False
D8CF2232, SWAT_SUTD:RSLinx Enterprise:P3.HMI_LIT301.Pv, 805.5627, 26/1/2016 1:46:12 AM, False, Not Annotated, False
D8CF2232, SWAT_SUTD:RSLinx Enterprise:P3.HMI_LIT301.Pv, 805.3624, 26/1/2016 1:46:13 AM, False, Not Annotated, False
D8CF2232, SWAT_SUTD:RSLinx Enterprise:P3.HMI_LIT301.Pv, 805.3224, 26/1/2016 1:46:14 AM, False, Not Annotated, False
D8CF2232, SWAT_SUTD:RSLinx Enterprise:P3.HMI_LIT301.Pv, 804.7216, 26/1/2016 1:46:15 AM, False, Not Annotated, False
D8CF2232, SWAT_SUTD:RSLinx Enterprise:P3.HMI_LIT301.Pv, 805.082, 26/1/2016 1:46:16 AM, False, Not Annotated, False
D8CF2232, SWAT_SUTD:RSLinx Enterprise:P3.HMI_LIT301.Pv, 805.082, 26/1/2016 1:46:17 AM, False, Not Annotated, False
D8CF2232, SWAT_SUTD:RSLinx Enterprise:P3.HMI_LIT301.Pv, 805.2823, 26/1/2016 1:46:18 AM, False, Not Annotated, False
D8CF2232, SWAT_SUTD:RSLinx Enterprise:P3.HMI_LIT301.Pv, 805.1622, 26/1/2016 1:46:19 AM, False, Not Annotated, False
D8CF2232, SWAT_SUTD:RSLinx Enterprise:P3.HMI_LIT301.Pv, 805.2823, 26/1/2016 1:46:20 AM, False, Not Annotated, False
D8CF2232, SWAT_SUTD:RSLinx Enterprise:P3.HMI_LIT301.Pv, 805.2823, 26/1/2016 1:46:21 AM, False, Not Annotated, False
D8CF2232, SWAT_SUTD:RSLinx Enterprise:P3.HMI_LIT301.Pv, 805.6829, 26/1/2016 1:46:22 AM, False, Not Annotated, False
D8CF2232, SWAT_SUTD:RSLinx Enterprise:P3.HMI_LIT301.Pv, 805.6829, 26/1/2016 1:46:23 AM, False, Not Annotated, False
D8CF2232, SWAT_SUTD:RSLinx Enterprise:P3.HMI_LIT301.Pv, 805.4025, 26/1/2016 1:46:24 AM, False, Not Annotated, False
D8CF2232, SWAT_SUTD:RSLinx Enterprise:P3.HMI_LIT301.Pv, 805.6829, 26/1/2016 1:46:25 AM, False, Not Annotated, False
D8CF2232, SWAT_SUTD:RSLinx Enterprise:P3.HMI_LIT301.Pv, 805.4025, 26/1/2016 1:46:26 AM, False, Not Annotated, False
D8CF2232, SWAT_SUTD:RSLinx Enterprise:P3.HMI_LIT301.Pv, 805.6027, 26/1/2016 1:46:27 AM, False, Not Annotated, False
D8CF2232, SWAT_SUTD:RSLinx Enterprise:P3.HMI_LIT301.Pv, 805.2823, 26/1/2016 1:46:28 AM, False, Not Annotated, False
D8CF2232, SWAT_SUTD:RSLinx Enterprise:P3.HMI_LIT301.Pv, 805.4826, 26/1/2016 1:46:29 AM, False, Not Annotated, False
D8CF2232, SWAT_SUTD:RSLinx Enterprise:P3.HMI_LIT301.Pv, 805.7629, 26/1/2016 1:46:30 AM, False, Not Annotated, False
D8CF2232, SWAT_SUTD:RSLinx Enterprise:P3.HMI_LIT301.Pv, 805.9633, 26/1/2016 1:46:31 AM, False, Not Annotated, False
D8CF2232, SWAT_SUTD:RSLinx Enterprise:P3.HMI_LIT301.Pv, 806.1635, 26/1/2016 1:46:32 AM, False, Not Annotated, False
D8CF2232, SWAT_SUTD:RSLinx Enterprise:P3.HMI_LIT301.Pv, 806.1635, 26/1/2016 1:46:33 AM, False, Not Annotated, False
D8CF2232, SWAT_SUTD:RSLinx Enterprise:P3.HMI_LIT301.Pv, 806.7242, 26/1/2016 1:46:34 AM, False, Not Annotated, False
D8CF2232, SWAT_SUTD:RSLinx Enterprise:P3.HMI_LIT301.Pv, 806.564, 26/1/2016 1:46:35 AM, False, Not Annotated, False
D8CF2232, SWAT_SUTD:RSLinx Enterprise:P3.HMI_LIT301.Pv, 807.1248, 26/1/2016 1:46:36 AM, False, Not Annotated, False
D8CF2232, SWAT_SUTD:RSLinx Enterprise:P3.HMI_LIT301.Pv, 807.3651, 26/1/2016 1:46:37 AM, False, Not Annotated, False
D8CF2232, SWAT_SUTD:RSLinx Enterprise:P3.HMI_LIT301.Pv, 807.1649, 26/1/2016 1:46:38 AM, False, Not Annotated, False
D8CF2232, SWAT_SUTD:RSLinx Enterprise:P3.HMI_LIT301.Pv, 806.9245, 26/1/2016 1:46:39 AM, False, Not Annotated, False
D8CF2232, SWAT_SUTD:RSLinx Enterprise:P3.HMI_LIT301.Pv, 806.9245, 26/1/2016 1:46:40 AM, False, Not Annotated, False
D8CF2232, SWAT_SUTD:RSLinx Enterprise:P3.HMI_LIT301.Pv, 807.4853, 26/1/2016 1:46:41 AM, False, Not Annotated, False
D8CF2232, SWAT_SUTD:RSLinx Enterprise:P3.HMI_LIT301.Pv, 807.6855, 26/1/2016 1:46:42 AM, False, Not Annotated, False
D8CF2232, SWAT_SUTD:RSLinx Enterprise:P3.HMI_LIT301.Pv, 807.5654, 26/1/2016 1:46:43 AM, False, Not Annotated, False
D8CF2232, SWAT_SUTD:RSLinx Enterprise:P3.HMI_LIT301.Pv, 807.6055, 26/1/2016 1:46:44 AM, False, Not Annotated, False
D8CF2232, SWAT_SUTD:RSLinx Enterprise:P3.HMI_LIT301.Pv, 808.006, 26/1/2016 1:46:45 AM, False, Not Annotated, False
D8CF2232, SWAT_SUTD:RSLinx Enterprise:P3.HMI_LIT301.Pv, 808.2463, 26/1/2016 1:46:46 AM, False, Not Annotated, False
D8CF2232, SWAT_SUTD:RSLinx Enterprise:P3.HMI_LIT301.Pv, 807.9258, 26/1/2016 1:46:47 AM, False, Not Annotated, False
D8CF2232, SWAT_SUTD:RSLinx Enterprise:P3.HMI_LIT301.Pv, 807.9659, 26/1/2016 1:46:48 AM, False, Not Annotated, False
D8CF2232, SWAT_SUTD:RSLinx Enterprise:P3.HMI_LIT301.Pv, 807.7657, 26/1/2016 1:46:49 AM, False, Not Annotated, False
D8CF2232, SWAT_SUTD:RSLinx Enterprise:P3.HMI_LIT301.Pv, 807.7657, 26/1/2016 1:46:50 AM, False, Not Annotated, False
D8CF2232, SWAT_SUTD:RSLinx Enterprise:P3.HMI_LIT301.Pv, 808.006, 26/1/2016 1:46:51 AM, False, Not Annotated, False
D8CF2232, SWAT_SUTD:RSLinx Enterprise:P3.HMI_LIT301.Pv, 808.0861, 26/1/2016 1:46:52 AM, False, Not Annotated, False
D8CF2232, SWAT_SUTD:RSLinx Enterprise:P3.HMI_LIT301.Pv, 807.6055, 26/1/2016 1:46:53 AM, False, Not Annotated, False
D8CF2232, SWAT_SUTD:RSLinx Enterprise:P3.HMI_LIT301.Pv, 807.9659, 26/1/2016 1:46:54 AM, False, Not Annotated, False
D8CF2232, SWAT_SUTD:RSLinx Enterprise:P3.HMI_LIT301.Pv, 807.9258, 26/1/2016 1:46:55 AM, False, Not Annotated, False
D8CF2232, SWAT_SUTD:RSLinx Enterprise:P3.HMI_LIT301.Pv, 807.5253, 26/1/2016 1:46:56 AM, False, Not Annotated, False
D8CF2232, SWAT_SUTD:RSLinx Enterprise:P3.HMI_LIT301.Pv, 807.7256, 26/1/2016 1:46:57 AM, False, Not Annotated, False
D8CF2232, SWAT_SUTD:RSLinx Enterprise:P3.HMI_LIT301.Pv, 807.5253, 26/1/2016 1:46:58 AM, False, Not Annotated, False
D8CF2232, SWAT_SUTD:RSLinx Enterprise:P3.HMI_LIT301.Pv, 807.4052, 26/1/2016 1:46:59 AM, False, Not Annotated, False
D8CF2232, SWAT_SUTD:RSLinx Enterprise:P3.HMI_LIT301.Pv, 807.5654, 26/1/2016 1:47:00 AM, False, Not Annotated, False
D8CF2232, SWAT_SUTD:RSLinx Enterprise:P3.HMI_LIT301.Pv, 807.3651, 26/1/2016 1:47:01 AM, False, Not Annotated, False
D8CF2232, SWAT_SUTD:RSLinx Enterprise:P3.HMI_LIT301.Pv, 807.4052, 26/1/2016 1:47:02 AM, False, Not Annotated, False
D8CF2232, SWAT_SUTD:RSLinx Enterprise:P3.HMI_LIT301.Pv, 807.1649, 26/1/2016 1:47:03 AM, False, Not Annotated, False
D8CF2232, SWAT_SUTD:RSLinx Enterprise:P3.HMI_LIT301.Pv, 807.5253, 26/1/2016 1:47:04 AM, False, Not Annotated, False
D8CF2232, SWAT_SUTD:RSLinx Enterprise:P3.HMI_LIT301.Pv, 807.3651, 26/1/2016 1:47:05 AM, False, Not Annotated, False
D8CF2232, SWAT_SUTD:RSLinx Enterprise:P3.HMI_LIT301.Pv, 807.2049, 26/1/2016 1:47:06 AM, False, Not Annotated, False
D8CF2232, SWAT_SUTD:RSLinx Enterprise:P3.HMI_LIT301.Pv, 807.6055, 26/1/2016 1:47:07 AM, False, Not Annotated, False
D8CF2232, SWAT_SUTD:RSLinx Enterprise:P3.HMI_LIT301.Pv, 807.8858, 26/1/2016 1:47:08 AM, False, Not Annotated, False
D8CF2232, SWAT_SUTD:RSLinx Enterprise:P3.HMI_LIT301.Pv, 807.8858, 26/1/2016 1:47:09 AM, False, Not Annotated, False
D8CF2232, SWAT_SUTD:RSLinx Enterprise:P3.HMI_LIT301.Pv, 807.7256, 26/1/2016 1:47:10 AM, False, Not Annotated, False
D8CF2232, SWAT_SUTD:RSLinx Enterprise:P3.HMI_LIT301.Pv, 807.9659, 26/1/2016 1:47:11 AM, False, Not Annotated, False
D8CF2232, SWAT_SUTD:RSLinx Enterprise:P3.HMI_LIT301.Pv, 808.2463, 26/1/2016 1:47:12 AM, False, Not Annotated, False
D8CF2232, SWAT_SUTD:RSLinx Enterprise:P3.HMI_LIT301.Pv, 808.3264, 26/1/2016 1:47:13 AM, False, Not Annotated, False
D8CF2232, SWAT_SUTD:RSLinx Enterprise:P3.HMI_LIT301.Pv, 808.3264, 26/1/2016 1:47:14 AM, False, Not Annotated, False
D8CF2232, SWAT_SUTD:RSLinx Enterprise:P3.HMI_LIT301.Pv, 808.6469, 26/1/2016 1:47:15 AM, False, Not Annotated, False
D8CF2232, SWAT_SUTD:RSLinx Enterprise:P3.HMI_LIT301.Pv, 808.767, 26/1/2016 1:47:16 AM, False, Not Annotated, False
D8CF2232, SWAT_SUTD:RSLinx Enterprise:P3.HMI_LIT301.Pv, 808.8071, 26/1/2016 1:47:17 AM, False, Not Annotated, False
D8CF2232, SWAT_SUTD:RSLinx Enterprise:P3.HMI_LIT301.Pv, 809.3678, 26/1/2016 1:47:18 AM, False, Not Annotated, False
D8CF2232, SWAT_SUTD:RSLinx Enterprise:P3.HMI_LIT301.Pv, 809.7684, 26/1/2016 1:47:19 AM, False, Not Annotated, False
D8CF2232, SWAT_SUTD:RSLinx Enterprise:P3.HMI_LIT301.Pv, 809.7283, 26/1/2016 1:47:20 AM, False, Not Annotated, False
D8CF2232, SWAT_SUTD:RSLinx Enterprise:P3.HMI_LIT301.Pv, 810.0087, 26/1/2016 1:47:21 AM, False, Not Annotated, False
D8CF2232, SWAT_SUTD:RSLinx Enterprise:P3.HMI_LIT301.Pv, 810.0087, 26/1/2016 1:47:22 AM, False, Not Annotated, False
D8CF2232, SWAT_SUTD:RSLinx Enterprise:P3.HMI_LIT301.Pv, 810.0487, 26/1/2016 1:47:23 AM, False, Not Annotated, False
D8CF2232, SWAT_SUTD:RSLinx Enterprise:P3.HMI_LIT301.Pv, 809.7684, 26/1/2016 1:47:24 AM, False, Not Annotated, False
D8CF2232, SWAT_SUTD:RSLinx Enterprise:P3.HMI_LIT301.Pv, 809.8484, 26/1/2016 1:47:25 AM, False, Not Annotated, False
D8CF2232, SWAT_SUTD:RSLinx Enterprise:P3.HMI_LIT301.Pv, 809.6082, 26/1/2016 1:47:26 AM, False, Not Annotated, False
D8CF2232, SWAT_SUTD:RSLinx Enterprise:P3.HMI_LIT301.Pv, 809.4078, 26/1/2016 1:47:27 AM, False, Not Annotated, False
D8CF2232, SWAT_SUTD:RSLinx Enterprise:P3.HMI_LIT301.Pv, 809.1675, 26/1/2016 1:47:28 AM, False, Not Annotated, False
D8CF2232, SWAT_SUTD:RSLinx Enterprise:P3.HMI_LIT301.Pv, 808.9272, 26/1/2016 1:47:29 AM, False, Not Annotated, False
D8CF2232, SWAT_SUTD:RSLinx Enterprise:P3.HMI_LIT301.Pv, 808.8471, 26/1/2016 1:47:30 AM, False, Not Annotated, False
D8CF2232, SWAT_SUTD:RSLinx Enterprise:P3.HMI_LIT301.Pv, 808.6068, 26/1/2016 1:47:31 AM, False, Not Annotated, False
D8CF2232, SWAT_SUTD:RSLinx Enterprise:P3.HMI_LIT301.Pv, 808.3665, 26/1/2016 1:47:32 AM, False, Not Annotated, False
D8CF2232, SWAT_SUTD:RSLinx Enterprise:P3.HMI_LIT301.Pv, 807.8057, 26/1/2016 1:47:33 AM, False, Not Annotated, False
D8CF2232, SWAT_SUTD:RSLinx Enterprise:P3.HMI_LIT301.Pv, 807.9659, 26/1/2016 1:47:34 AM, False, Not Annotated, False
D8CF2232, SWAT_SUTD:RSLinx Enterprise:P3.HMI_LIT301.Pv, 807.4052, 26/1/2016 1:47:35 AM, False, Not Annotated, False
D8CF2232, SWAT_SUTD:RSLinx Enterprise:P3.HMI_LIT301.Pv, 807.4853, 26/1/2016 1:47:36 AM, False, Not Annotated, False
D8CF2232, SWAT_SUTD:RSLinx Enterprise:P3.HMI_LIT301.Pv, 807.7657, 26/1/2016 1:47:37 AM, False, Not Annotated, False
D8CF2232, SWAT_SUTD:RSLinx Enterprise:P3.HMI_LIT301.Pv, 807.6855, 26/1/2016 1:47:38 AM, False, Not Annotated, False
D8CF2232, SWAT_SUTD:RSLinx Enterprise:P3.HMI_LIT301.Pv, 807.7657, 26/1/2016 1:47:39 AM, False, Not Annotated, False
D8CF2232, SWAT_SUTD:RSLinx Enterprise:P3.HMI_LIT301.Pv, 807.6055, 26/1/2016 1:47:40 AM, False, Not Annotated, False
D8CF2232, SWAT_SUTD:RSLinx Enterprise:P3.HMI_LIT301.Pv, 807.8858, 26/1/2016 1:47:41 AM, False, Not Annotated, False
D8CF2232, SWAT_SUTD:RSLinx Enterprise:P3.HMI_LIT301.Pv, 808.2062, 26/1/2016 1:47:42 AM, False, Not Annotated, False
D8CF2232, SWAT_SUTD:RSLinx Enterprise:P3.HMI_LIT301.Pv, 807.9258, 26/1/2016 1:47:43 AM, False, Not Annotated, False
D8CF2232, SWAT_SUTD:RSLinx Enterprise:P3.HMI_LIT301.Pv, 807.9659, 26/1/2016 1:47:44 AM, False, Not Annotated, False
D8CF2232, SWAT_SUTD:RSLinx Enterprise:P3.HMI_LIT301.Pv, 808.2463, 26/1/2016 1:47:45 AM, False, Not Annotated, False
D8CF2232, SWAT_SUTD:RSLinx Enterprise:P3.HMI_LIT301.Pv, 808.0861, 26/1/2016 1:47:46 AM, False, Not Annotated, False
D8CF2232, SWAT_SUTD:RSLinx Enterprise:P3.HMI_LIT301.Pv, 808.6068, 26/1/2016 1:47:47 AM, False, Not Annotated, False
D8CF2232, SWAT_SUTD:RSLinx Enterprise:P3.HMI_LIT301.Pv, 808.9272, 26/1/2016 1:47:48 AM, False, Not Annotated, False
D8CF2232, SWAT_SUTD:RSLinx Enterprise:P3.HMI_LIT301.Pv, 809.0073, 26/1/2016 1:47:49 AM, False, Not Annotated, False
D8CF2232, SWAT_SUTD:RSLinx Enterprise:P3.HMI_LIT301.Pv, 799.0073, 26/1/2016 1:47:50 AM, False, Not Annotated, False
D8CF2232, SWAT_SUTD:RSLinx Enterprise:P3.HMI_LIT301.Pv, 799.0073, 26/1/2016 1:47:51 AM, False, Not Annotated, False
D8CF2232, SWAT_SUTD:RSLinx Enterprise:P3.HMI_LIT301.Pv, 799.0073, 26/1/2016 1:47:52 AM, False, Not Annotated, False
D8CF2232, SWAT_SUTD:RSLinx Enterprise:P3.HMI_LIT301.Pv, 799.0073, 26/1/2016 1:47:53 AM, False, Not Annotated, False
D8CF2232, SWAT_SUTD:RSLinx Enterprise:P3.HMI_LIT301.Pv, 799.0073, 26/1/2016 1:47:54 AM, False, Not Annotated, False
D8CF2232, SWAT_SUTD:RSLinx Enterprise:P3.HMI_LIT301.Pv, 799.0073, 26/1/2016 1:47:55 AM, False, Not Annotated, False
D8CF2232, SWAT_SUTD:RSLinx Enterprise:P3.HMI_LIT301.Pv, 799.0073, 26/1/2016 1:47:56 AM, False, Not Annotated, False
D8CF2232, SWAT_SUTD:RSLinx Enterprise:P3.HMI_LIT301.Pv, 799.0073, 26/1/2016 1:47:57 AM, False, Not Annotated, False
D8CF2232, SWAT_SUTD:RSLinx Enterprise:P3.HMI_LIT301.Pv, 799.0073, 26/1/2016 1:47:58 AM, False, Not Annotated, False
D8CF2232, SWAT_SUTD:RSLinx Enterprise:P3.HMI_LIT301.Pv, 799.0073, 26/1/2016 1:47:59 AM, False, Not Annotated, False
D8CF2232, SWAT_SUTD:RSLinx Enterprise:P3.HMI_LIT301.Pv, 799.0073, 26/1/2016 1:48:00 AM, False, Not Annotated, False
D8CF2232, SWAT_SUTD:RSLinx Enterprise:P3.HMI_LIT301.Pv, 799.0073, 26/1/2016 1:48:01 AM, False, Not Annotated, False
D8CF2232, SWAT_SUTD:RSLinx Enterprise:P3.HMI_LIT301.Pv, 799.0073, 26/1/2016 1:48:02 AM, False, Not Annotated, False
D8CF2232, SWAT_SUTD:RSLinx Enterprise:P3.HMI_LIT301.Pv, 799.0073, 26/1/2016 1:48:03 AM, False, Not Annotated, False
D8CF2232, SWAT_SUTD:RSLinx Enterprise:P3.HMI_LIT301.Pv, 799.0073, 26/1/2016 1:48:04 AM, False, Not Annotated, False
D8CF2232, SWAT_SUTD:RSLinx Enterprise:P3.HMI_LIT301.Pv, 799.0073, 26/1/2016 1:48:05 AM, False, Not Annotated, False
D8CF2232, SWAT_SUTD:RSLinx Enterprise:P3.HMI_LIT301.Pv, 799.0073, 26/1/2016 1:48:06 AM, False, Not Annotated, False
D8CF2232, SWAT_SUTD:RSLinx Enterprise:P3.HMI_LIT301.Pv, 799.0073, 26/1/2016 1:48:07 AM, False, Not Annotated, False
D8CF2232, SWAT_SUTD:RSLinx Enterprise:P3.HMI_LIT301.Pv, 799.0073, 26/1/2016 1:48:08 AM, False, Not Annotated, False
D8CF2232, SWAT_SUTD:RSLinx Enterprise:P3.HMI_LIT301.Pv, 799.0073, 26/1/2016 1:48:09 AM, False, Not Annotated, False
D8CF2232, SWAT_SUTD:RSLinx Enterprise:P3.HMI_LIT301.Pv, 799.0073, 26/1/2016 1:48:10 AM, False, Not Annotated, False
D8CF2232, SWAT_SUTD:RSLinx Enterprise:P3.HMI_LIT301.Pv, 799.0073, 26/1/2016 1:48:11 AM, False, Not Annotated, False
D8CF2232, SWAT_SUTD:RSLinx Enterprise:P3.HMI_LIT301.Pv, 799.0073, 26/1/2016 1:48:12 AM, False, Not Annotated, False
D8CF2232, SWAT_SUTD:RSLinx Enterprise:P3.HMI_LIT301.Pv, 799.0073, 26/1/2016 1:48:13 AM, False, Not Annotated, False
D8CF2232, SWAT_SUTD:RSLinx Enterprise:P3.HMI_LIT301.Pv, 799.0073, 26/1/2016 1:48:14 AM, False, Not Annotated, False
D8CF2232, SWAT_SUTD:RSLinx Enterprise:P3.HMI_LIT301.Pv, 799.0073, 26/1/2016 1:48:15 AM, False, Not Annotated, False
D8CF2232, SWAT_SUTD:RSLinx Enterprise:P3.HMI_LIT301.Pv, 799.0073, 26/1/2016 1:48:16 AM, False, Not Annotated, False
D8CF2232, SWAT_SUTD:RSLinx Enterprise:P3.HMI_LIT301.Pv, 799.0073, 26/1/2016 1:48:17 AM, False, Not Annotated, False
D8CF2232, SWAT_SUTD:RSLinx Enterprise:P3.HMI_LIT301.Pv, 799.0073, 26/1/2016 1:48:18 AM, False, Not Annotated, False
D8CF2232, SWAT_SUTD:RSLinx Enterprise:P3.HMI_LIT301.Pv, 799.0073, 26/1/2016 1:48:19 AM, False, Not Annotated, False
D8CF2232, SWAT_SUTD:RSLinx Enterprise:P3.HMI_LIT301.Pv, 799.0073, 26/1/2016 1:48:20 AM, False, Not Annotated, False
D8CF2232, SWAT_SUTD:RSLinx Enterprise:P3.HMI_LIT301.Pv, 799.0073, 26/1/2016 1:48:21 AM, False, Not Annotated, False
D8CF2232, SWAT_SUTD:RSLinx Enterprise:P3.HMI_LIT301.Pv, 799.0073, 26/1/2016 1:48:22 AM, False, Not Annotated, False
D8CF2232, SWAT_SUTD:RSLinx Enterprise:P3.HMI_LIT301.Pv, 799.0073, 26/1/2016 1:48:23 AM, False, Not Annotated, False
D8CF2232, SWAT_SUTD:RSLinx Enterprise:P3.HMI_LIT301.Pv, 799.0073, 26/1/2016 1:48:24 AM, False, Not Annotated, False
D8CF2232, SWAT_SUTD:RSLinx Enterprise:P3.HMI_LIT301.Pv, 799.0073, 26/1/2016 1:48:25 AM, False, Not Annotated, False
D8CF2232, SWAT_SUTD:RSLinx Enterprise:P3.HMI_LIT301.Pv, 799.0073, 26/1/2016 1:48:26 AM, False, Not Annotated, False
D8CF2232, SWAT_SUTD:RSLinx Enterprise:P3.HMI_LIT301.Pv, 799.0073, 26/1/2016 1:48:27 AM, False, Not Annotated, False
D8CF2232, SWAT_SUTD:RSLinx Enterprise:P3.HMI_LIT301.Pv, 799.0073, 26/1/2016 1:48:28 AM, False, Not Annotated, False
D8CF2232, SWAT_SUTD:RSLinx Enterprise:P3.HMI_LIT301.Pv, 799.0073, 26/1/2016 1:48:29 AM, False, Not Annotated, False
D8CF2232, SWAT_SUTD:RSLinx Enterprise:P3.HMI_LIT301.Pv, 799.0073, 26/1/2016 1:48:30 AM, False, Not Annotated, False
D8CF2232, SWAT_SUTD:RSLinx Enterprise:P3.HMI_LIT301.Pv, 799.0073, 26/1/2016 1:48:31 AM, False, Not Annotated, False
D8CF2232, SWAT_SUTD:RSLinx Enterprise:P3.HMI_LIT301.Pv, 799.0073, 26/1/2016 1:48:32 AM, False, Not Annotated, False
D8CF2232, SWAT_SUTD:RSLinx Enterprise:P3.HMI_LIT301.Pv, 799.0073, 26/1/2016 1:48:33 AM, False, Not Annotated, False
D8CF2232, SWAT_SUTD:RSLinx Enterprise:P3.HMI_LIT301.Pv, 799.0073, 26/1/2016 1:48:34 AM, False, Not Annotated, False
D8CF2232, SWAT_SUTD:RSLinx Enterprise:P3.HMI_LIT301.Pv, 799.0073, 26/1/2016 1:48:35 AM, False, Not Annotated, False
D8CF2232, SWAT_SUTD:RSLinx Enterprise:P3.HMI_LIT301.Pv, 799.0073, 26/1/2016 1:48:36 AM, False, Not Annotated, False
D8CF2232, SWAT_SUTD:RSLinx Enterprise:P3.HMI_LIT301.Pv, 799.0073, 26/1/2016 1:48:37 AM, False, Not Annotated, False
D8CF2232, SWAT_SUTD:RSLinx Enterprise:P3.HMI_LIT301.Pv, 799.0073, 26/1/2016 1:48:38 AM, False, Not Annotated, False
D8CF2232, SWAT_SUTD:RSLinx Enterprise:P3.HMI_LIT301.Pv, 799.0073, 26/1/2016 1:48:39 AM, False, Not Annotated, False
D8CF2232, SWAT_SUTD:RSLinx Enterprise:P3.HMI_LIT301.Pv, 799.0073, 26/1/2016 1:48:40 AM, False, Not Annotated, False
D8CF2232, SWAT_SUTD:RSLinx Enterprise:P3.HMI_LIT301.Pv, 799.0073, 26/1/2016 1:48:41 AM, False, Not Annotated, False
D8CF2232, SWAT_SUTD:RSLinx Enterprise:P3.HMI_LIT301.Pv, 799.0073, 26/1/2016 1:48:42 AM, False, Not Annotated, False
D8CF2232, SWAT_SUTD:RSLinx Enterprise:P3.HMI_LIT301.Pv, 799.0073, 26/1/2016 1:48:43 AM, False, Not Annotated, False
D8CF2232, SWAT_SUTD:RSLinx Enterprise:P3.HMI_LIT301.Pv, 799.0073, 26/1/2016 1:48:44 AM, False, Not Annotated, False
D8CF2232, SWAT_SUTD:RSLinx Enterprise:P3.HMI_LIT301.Pv, 799.0073, 26/1/2016 1:48:45 AM, False, Not Annotated, False
D8CF2232, SWAT_SUTD:RSLinx Enterprise:P3.HMI_LIT301.Pv, 799.0073, 26/1/2016 1:48:46 AM, False, Not Annotated, False
D8CF2232, SWAT_SUTD:RSLinx Enterprise:P3.HMI_LIT301.Pv, 799.0073, 26/1/2016 1:48:47 AM, False, Not Annotated, False
D8CF2232, SWAT_SUTD:RSLinx Enterprise:P3.HMI_LIT301.Pv, 799.0073, 26/1/2016 1:48:48 AM, False, Not Annotated, False
D8CF2232, SWAT_SUTD:RSLinx Enterprise:P3.HMI_LIT301.Pv, 799.0073, 26/1/2016 1:48:49 AM, False, Not Annotated, False
D8CF2232, SWAT_SUTD:RSLinx Enterprise:P3.HMI_LIT301.Pv, 799.0073, 26/1/2016 1:48:50 AM, False, Not Annotated, False
D8CF2232, SWAT_SUTD:RSLinx Enterprise:P3.HMI_LIT301.Pv, 799.0073, 26/1/2016 1:48:51 AM, False, Not Annotated, False
D8CF2232, SWAT_SUTD:RSLinx Enterprise:P3.HMI_LIT301.Pv, 799.0073, 26/1/2016 1:48:52 AM, False, Not Annotated, False
D8CF2232, SWAT_SUTD:RSLinx Enterprise:P3.HMI_LIT301.Pv, 799.0073, 26/1/2016 1:48:53 AM, False, Not Annotated, False
D8CF2232, SWAT_SUTD:RSLinx Enterprise:P3.HMI_LIT301.Pv, 799.0073, 26/1/2016 1:48:54 AM, False, Not Annotated, False
D8CF2232, SWAT_SUTD:RSLinx Enterprise:P3.HMI_LIT301.Pv, 799.0073, 26/1/2016 1:48:55 AM, False, Not Annotated, False
D8CF2232, SWAT_SUTD:RSLinx Enterprise:P3.HMI_LIT301.Pv, 799.0073, 26/1/2016 1:48:56 AM, False, Not Annotated, False
D8CF2232, SWAT_SUTD:RSLinx Enterprise:P3.HMI_LIT301.Pv, 799.0073, 26/1/2016 1:48:57 AM, False, Not Annotated, False
D8CF2232, SWAT_SUTD:RSLinx Enterprise:P3.HMI_LIT301.Pv, 799.0073, 26/1/2016 1:48:58 AM, False, Not Annotated, False
D8CF2232, SWAT_SUTD:RSLinx Enterprise:P3.HMI_LIT301.Pv, 799.0073, 26/1/2016 1:48:59 AM, False, Not Annotated, False
D8CF2232, SWAT_SUTD:RSLinx Enterprise:P3.HMI_LIT301.Pv, 799.0073, 26/1/2016 1:49:00 AM, False, Not Annotated, False
D8CF2232, SWAT_SUTD:RSLinx Enterprise:P3.HMI_LIT301.Pv, 799.0073, 26/1/2016 1:49:01 AM, False, Not Annotated, False
D8CF2232, SWAT_SUTD:RSLinx Enterprise:P3.HMI_LIT301.Pv, 799.0073, 26/1/2016 1:49:02 AM, False, Not Annotated, False
D8CF2232, SWAT_SUTD:RSLinx Enterprise:P3.HMI_LIT301.Pv, 799.0073, 26/1/2016 1:49:03 AM, False, Not Annotated, False
D8CF2232, SWAT_SUTD:RSLinx Enterprise:P3.HMI_LIT301.Pv, 799.0073, 26/1/2016 1:49:04 AM, False, Not Annotated, False
D8CF2232, SWAT_SUTD:RSLinx Enterprise:P3.HMI_LIT301.Pv, 799.0073, 26/1/2016 1:49:05 AM, False, Not Annotated, False
D8CF2232, SWAT_SUTD:RSLinx Enterprise:P3.HMI_LIT301.Pv, 799.0073, 26/1/2016 1:49:06 AM, False, Not Annotated, False
D8CF2232, SWAT_SUTD:RSLinx Enterprise:P3.HMI_LIT301.Pv, 799.0073, 26/1/2016 1:49:07 AM, False, Not Annotated, False
D8CF2232, SWAT_SUTD:RSLinx Enterprise:P3.HMI_LIT301.Pv, 799.0073, 26/1/2016 1:49:08 AM, False, Not Annotated, False
D8CF2232, SWAT_SUTD:RSLinx Enterprise:P3.HMI_LIT301.Pv, 799.0073, 26/1/2016 1:49:09 AM, False, Not Annotated, False
D8CF2232, SWAT_SUTD:RSLinx Enterprise:P3.HMI_LIT301.Pv, 799.0073, 26/1/2016 1:49:10 AM, False, Not Annotated, False
D8CF2232, SWAT_SUTD:RSLinx Enterprise:P3.HMI_LIT301.Pv, 799.0073, 26/1/2016 1:49:11 AM, False, Not Annotated, False
D8CF2232, SWAT_SUTD:RSLinx Enterprise:P3.HMI_LIT301.Pv, 799.0073, 26/1/2016 1:49:12 AM, False, Not Annotated, False
D8CF2232, SWAT_SUTD:RSLinx Enterprise:P3.HMI_LIT301.Pv, 799.0073, 26/1/2016 1:49:13 AM, False, Not Annotated, False
D8CF2232, SWAT_SUTD:RSLinx Enterprise:P3.HMI_LIT301.Pv, 799.0073, 26/1/2016 1:49:14 AM, False, Not Annotated, False
D8CF2232, SWAT_SUTD:RSLinx Enterprise:P3.HMI_LIT301.Pv, 799.0073, 26/1/2016 1:49:15 AM, False, Not Annotated, False
D8CF2232, SWAT_SUTD:RSLinx Enterprise:P3.HMI_LIT301.Pv, 799.0073, 26/1/2016 1:49:16 AM, False, Not Annotated, False
D8CF2232, SWAT_SUTD:RSLinx Enterprise:P3.HMI_LIT301.Pv, 799.0073, 26/1/2016 1:49:17 AM, False, Not Annotated, False
D8CF2232, SWAT_SUTD:RSLinx Enterprise:P3.HMI_LIT301.Pv, 799.0073, 26/1/2016 1:49:18 AM, False, Not Annotated, False
D8CF2232, SWAT_SUTD:RSLinx Enterprise:P3.HMI_LIT301.Pv, 799.0073, 26/1/2016 1:49:19 AM, False, Not Annotated, False
D8CF2232, SWAT_SUTD:RSLinx Enterprise:P3.HMI_LIT301.Pv, 799.0073, 26/1/2016 1:49:20 AM, False, Not Annotated, False
D8CF2232, SWAT_SUTD:RSLinx Enterprise:P3.HMI_LIT301.Pv, 799.0073, 26/1/2016 1:49:21 AM, False, Not Annotated, False
D8CF2232, SWAT_SUTD:RSLinx Enterprise:P3.HMI_LIT301.Pv, 799.0073, 26/1/2016 1:49:22 AM, False, Not Annotated, False
D8CF2232, SWAT_SUTD:RSLinx Enterprise:P3.HMI_LIT301.Pv, 799.0073, 26/1/2016 1:49:23 AM, False, Not Annotated, False
D8CF2232, SWAT_SUTD:RSLinx Enterprise:P3.HMI_LIT301.Pv, 799.0073, 26/1/2016 1:49:24 AM, False, Not Annotated, False
D8CF2232, SWAT_SUTD:RSLinx Enterprise:P3.HMI_LIT301.Pv, 799.0073, 26/1/2016 1:49:25 AM, False, Not Annotated, False
D8CF2232, SWAT_SUTD:RSLinx Enterprise:P3.HMI_LIT301.Pv, 799.0073, 26/1/2016 1:49:26 AM, False, Not Annotated, False
D8CF2232, SWAT_SUTD:RSLinx Enterprise:P3.HMI_LIT301.Pv, 799.0073, 26/1/2016 1:49:27 AM, False, Not Annotated, False
D8CF2232, SWAT_SUTD:RSLinx Enterprise:P3.HMI_LIT301.Pv, 799.0073, 26/1/2016 1:49:28 AM, False, Not Annotated, False
D8CF2232, SWAT_SUTD:RSLinx Enterprise:P3.HMI_LIT301.Pv, 799.0073, 26/1/2016 1:49:29 AM, False, Not Annotated, False
D8CF2232, SWAT_SUTD:RSLinx Enterprise:P3.HMI_LIT301.Pv, 799.0073, 26/1/2016 1:49:30 AM, False, Not Annotated, False
D8CF2232, SWAT_SUTD:RSLinx Enterprise:P3.HMI_LIT301.Pv, 799.0073, 26/1/2016 1:49:31 AM, False, Not Annotated, False
D8CF2232, SWAT_SUTD:RSLinx Enterprise:P3.HMI_LIT301.Pv, 799.0073, 26/1/2016 1:49:32 AM, False, Not Annotated, False
D8CF2232, SWAT_SUTD:RSLinx Enterprise:P3.HMI_LIT301.Pv, 799.0073, 26/1/2016 1:49:33 AM, False, Not Annotated, False
D8CF2232, SWAT_SUTD:RSLinx Enterprise:P3.HMI_LIT301.Pv, 799.0073, 26/1/2016 1:49:34 AM, False, Not Annotated, False
D8CF2232, SWAT_SUTD:RSLinx Enterprise:P3.HMI_LIT301.Pv, 799.0073, 26/1/2016 1:49:35 AM, False, Not Annotated, False
D8CF2232, SWAT_SUTD:RSLinx Enterprise:P3.HMI_LIT301.Pv, 799.0073, 26/1/2016 1:49:36 AM, False, Not Annotated, False
D8CF2232, SWAT_SUTD:RSLinx Enterprise:P3.HMI_LIT301.Pv, 799.0073, 26/1/2016 1:49:37 AM, False, Not Annotated, False
D8CF2232, SWAT_SUTD:RSLinx Enterprise:P3.HMI_LIT301.Pv, 799.0073, 26/1/2016 1:49:38 AM, False, Not Annotated, False
D8CF2232, SWAT_SUTD:RSLinx Enterprise:P3.HMI_LIT301.Pv, 799.0073, 26/1/2016 1:49:39 AM, False, Not Annotated, False
D8CF2232, SWAT_SUTD:RSLinx Enterprise:P3.HMI_LIT301.Pv, 799.0073, 26/1/2016 1:49:40 AM, False, Not Annotated, False
D8CF2232, SWAT_SUTD:RSLinx Enterprise:P3.HMI_LIT301.Pv, 799.0073, 26/1/2016 1:49:41 AM, False, Not Annotated, False
D8CF2232, SWAT_SUTD:RSLinx Enterprise:P3.HMI_LIT301.Pv, 799.0073, 26/1/2016 1:49:42 AM, False, Not Annotated, False
D8CF2232, SWAT_SUTD:RSLinx Enterprise:P3.HMI_LIT301.Pv, 799.0073, 26/1/2016 1:49:43 AM, False, Not Annotated, False
D8CF2232, SWAT_SUTD:RSLinx Enterprise:P3.HMI_LIT301.Pv, 799.0073, 26/1/2016 1:49:44 AM, False, Not Annotated, False
D8CF2232, SWAT_SUTD:RSLinx Enterprise:P3.HMI_LIT301.Pv, 799.0073, 26/1/2016 1:49:45 AM, False, Not Annotated, False
D8CF2232, SWAT_SUTD:RSLinx Enterprise:P3.HMI_LIT301.Pv, 799.0073, 26/1/2016 1:49:46 AM, False, Not Annotated, False
D8CF2232, SWAT_SUTD:RSLinx Enterprise:P3.HMI_LIT301.Pv, 799.0073, 26/1/2016 1:49:47 AM, False, Not Annotated, False
D8CF2232, SWAT_SUTD:RSLinx Enterprise:P3.HMI_LIT301.Pv, 799.0073, 26/1/2016 1:49:48 AM, False, Not Annotated, False
D8CF2232, SWAT_SUTD:RSLinx Enterprise:P3.HMI_LIT301.Pv, 799.0073, 26/1/2016 1:49:49 AM, False, Not Annotated, False
D8CF2232, SWAT_SUTD:RSLinx Enterprise:P3.HMI_LIT301.Pv, 789.0073, 26/1/2016 1:49:50 AM, False, Not Annotated, False
D8CF2232, SWAT_SUTD:RSLinx Enterprise:P3.HMI_LIT301.Pv, 789.0073, 26/1/2016 1:49:51 AM, False, Not Annotated, False
D8CF2232, SWAT_SUTD:RSLinx Enterprise:P3.HMI_LIT301.Pv, 789.0073, 26/1/2016 1:49:52 AM, False, Not Annotated, False
D8CF2232, SWAT_SUTD:RSLinx Enterprise:P3.HMI_LIT301.Pv, 789.0073, 26/1/2016 1:49:53 AM, False, Not Annotated, False
D8CF2232, SWAT_SUTD:RSLinx Enterprise:P3.HMI_LIT301.Pv, 789.0073, 26/1/2016 1:49:54 AM, False, Not Annotated, False
D8CF2232, SWAT_SUTD:RSLinx Enterprise:P3.HMI_LIT301.Pv, 789.0073, 26/1/2016 1:49:55 AM, False, Not Annotated, False
D8CF2232, SWAT_SUTD:RSLinx Enterprise:P3.HMI_LIT301.Pv, 789.0073, 26/1/2016 1:49:56 AM, False, Not Annotated, False
D8CF2232, SWAT_SUTD:RSLinx Enterprise:P3.HMI_LIT301.Pv, 789.0073, 26/1/2016 1:49:57 AM, False, Not Annotated, False
D8CF2232, SWAT_SUTD:RSLinx Enterprise:P3.HMI_LIT301.Pv, 789.0073, 26/1/2016 1:49:58 AM, False, Not Annotated, False
D8CF2232, SWAT_SUTD:RSLinx Enterprise:P3.HMI_LIT301.Pv, 789.0073, 26/1/2016 1:49:59 AM, False, Not Annotated, False
D8CF2232, SWAT_SUTD:RSLinx Enterprise:P3.HMI_LIT301.Pv, 789.0073, 26/1/2016 1:50:00 AM, False, Not Annotated, False
D8CF2232, SWAT_SUTD:RSLinx Enterprise:P3.HMI_LIT301.Pv, 789.0073, 26/1/2016 1:50:01 AM, False, Not Annotated, False
D8CF2232, SWAT_SUTD:RSLinx Enterprise:P3.HMI_LIT301.Pv, 789.0073, 26/1/2016 1:50:02 AM, False, Not Annotated, False
D8CF2232, SWAT_SUTD:RSLinx Enterprise:P3.HMI_LIT301.Pv, 789.0073, 26/1/2016 1:50:03 AM, False, Not Annotated, False
D8CF2232, SWAT_SUTD:RSLinx Enterprise:P3.HMI_LIT301.Pv, 789.0073, 26/1/2016 1:50:04 AM, False, Not Annotated, False
D8CF2232, SWAT_SUTD:RSLinx Enterprise:P3.HMI_LIT301.Pv, 789.0073, 26/1/2016 1:50:05 AM, False, Not Annotated, False
D8CF2232, SWAT_SUTD:RSLinx Enterprise:P3.HMI_LIT301.Pv, 789.0073, 26/1/2016 1:50:06 AM, False, Not Annotated, False
D8CF2232, SWAT_SUTD:RSLinx Enterprise:P3.HMI_LIT301.Pv, 789.0073, 26/1/2016 1:50:07 AM, False, Not Annotated, False
D8CF2232, SWAT_SUTD:RSLinx Enterprise:P3.HMI_LIT301.Pv, 789.0073, 26/1/2016 1:50:08 AM, False, Not Annotated, False
D8CF2232, SWAT_SUTD:RSLinx Enterprise:P3.HMI_LIT301.Pv, 789.0073, 26/1/2016 1:50:09 AM, False, Not Annotated, False
D8CF2232, SWAT_SUTD:RSLinx Enterprise:P3.HMI_LIT301.Pv, 789.0073, 26/1/2016 1:50:10 AM, False, Not Annotated, False
D8CF2232, SWAT_SUTD:RSLinx Enterprise:P3.HMI_LIT301.Pv, 789.0073, 26/1/2016 1:50:11 AM, False, Not Annotated, False
D8CF2232, SWAT_SUTD:RSLinx Enterprise:P3.HMI_LIT301.Pv, 789.0073, 26/1/2016 1:50:12 AM, False, Not Annotated, False
D8CF2232, SWAT_SUTD:RSLinx Enterprise:P3.HMI_LIT301.Pv, 789.0073, 26/1/2016 1:50:13 AM, False, Not Annotated, False
D8CF2232, SWAT_SUTD:RSLinx Enterprise:P3.HMI_LIT301.Pv, 789.0073, 26/1/2016 1:50:14 AM, False, Not Annotated, False
D8CF2232, SWAT_SUTD:RSLinx Enterprise:P3.HMI_LIT301.Pv, 789.0073, 26/1/2016 1:50:15 AM, False, Not Annotated, False
D8CF2232, SWAT_SUTD:RSLinx Enterprise:P3.HMI_LIT301.Pv, 789.0073, 26/1/2016 1:50:16 AM, False, Not Annotated, False
D8CF2232, SWAT_SUTD:RSLinx Enterprise:P3.HMI_LIT301.Pv, 789.0073, 26/1/2016 1:50:17 AM, False, Not Annotated, False
D8CF2232, SWAT_SUTD:RSLinx Enterprise:P3.HMI_LIT301.Pv, 789.0073, 26/1/2016 1:50:18 AM, False, Not Annotated, False
D8CF2232, SWAT_SUTD:RSLinx Enterprise:P3.HMI_LIT301.Pv, 789.0073, 26/1/2016 1:50:19 AM, False, Not Annotated, False
D8CF2232, SWAT_SUTD:RSLinx Enterprise:P3.HMI_LIT301.Pv, 789.0073, 26/1/2016 1:50:20 AM, False, Not Annotated, False
D8CF2232, SWAT_SUTD:RSLinx Enterprise:P3.HMI_LIT301.Pv, 789.0073, 26/1/2016 1:50:21 AM, False, Not Annotated, False
D8CF2232, SWAT_SUTD:RSLinx Enterprise:P3.HMI_LIT301.Pv, 789.0073, 26/1/2016 1:50:22 AM, False, Not Annotated, False
D8CF2232, SWAT_SUTD:RSLinx Enterprise:P3.HMI_LIT301.Pv, 789.0073, 26/1/2016 1:50:23 AM, False, Not Annotated, False
D8CF2232, SWAT_SUTD:RSLinx Enterprise:P3.HMI_LIT301.Pv, 789.0073, 26/1/2016 1:50:24 AM, False, Not Annotated, False
D8CF2232, SWAT_SUTD:RSLinx Enterprise:P3.HMI_LIT301.Pv, 789.0073, 26/1/2016 1:50:25 AM, False, Not Annotated, False
D8CF2232, SWAT_SUTD:RSLinx Enterprise:P3.HMI_LIT301.Pv, 789.0073, 26/1/2016 1:50:26 AM, False, Not Annotated, False
D8CF2232, SWAT_SUTD:RSLinx Enterprise:P3.HMI_LIT301.Pv, 789.0073, 26/1/2016 1:50:27 AM, False, Not Annotated, False
D8CF2232, SWAT_SUTD:RSLinx Enterprise:P3.HMI_LIT301.Pv, 789.0073, 26/1/2016 1:50:28 AM, False, Not Annotated, False
D8CF2232, SWAT_SUTD:RSLinx Enterprise:P3.HMI_LIT301.Pv, 789.0073, 26/1/2016 1:50:29 AM, False, Not Annotated, False
D8CF2232, SWAT_SUTD:RSLinx Enterprise:P3.HMI_LIT301.Pv, 789.0073, 26/1/2016 1:50:30 AM, False, Not Annotated, False
D8CF2232, SWAT_SUTD:RSLinx Enterprise:P3.HMI_LIT301.Pv, 789.0073, 26/1/2016 1:50:31 AM, False, Not Annotated, False
D8CF2232, SWAT_SUTD:RSLinx Enterprise:P3.HMI_LIT301.Pv, 789.0073, 26/1/2016 1:50:32 AM, False, Not Annotated, False
D8CF2232, SWAT_SUTD:RSLinx Enterprise:P3.HMI_LIT301.Pv, 789.0073, 26/1/2016 1:50:33 AM, False, Not Annotated, False
D8CF2232, SWAT_SUTD:RSLinx Enterprise:P3.HMI_LIT301.Pv, 789.0073, 26/1/2016 1:50:34 AM, False, Not Annotated, False
D8CF2232, SWAT_SUTD:RSLinx Enterprise:P3.HMI_LIT301.Pv, 789.0073, 26/1/2016 1:50:35 AM, False, Not Annotated, False
D8CF2232, SWAT_SUTD:RSLinx Enterprise:P3.HMI_LIT301.Pv, 789.0073, 26/1/2016 1:50:36 AM, False, Not Annotated, False
D8CF2232, SWAT_SUTD:RSLinx Enterprise:P3.HMI_LIT301.Pv, 789.0073, 26/1/2016 1:50:37 AM, False, Not Annotated, False
D8CF2232, SWAT_SUTD:RSLinx Enterprise:P3.HMI_LIT301.Pv, 789.0073, 26/1/2016 1:50:38 AM, False, Not Annotated, False
D8CF2232, SWAT_SUTD:RSLinx Enterprise:P3.HMI_LIT301.Pv, 789.0073, 26/1/2016 1:50:39 AM, False, Not Annotated, False
D8CF2232, SWAT_SUTD:RSLinx Enterprise:P3.HMI_LIT301.Pv, 789.0073, 26/1/2016 1:50:40 AM, False, Not Annotated, False
D8CF2232, SWAT_SUTD:RSLinx Enterprise:P3.HMI_LIT301.Pv, 789.0073, 26/1/2016 1:50:41 AM, False, Not Annotated, False
D8CF2232, SWAT_SUTD:RSLinx Enterprise:P3.HMI_LIT301.Pv, 789.0073, 26/1/2016 1:50:42 AM, False, Not Annotated, False
D8CF2232, SWAT_SUTD:RSLinx Enterprise:P3.HMI_LIT301.Pv, 789.0073, 26/1/2016 1:50:43 AM, False, Not Annotated, False
D8CF2232, SWAT_SUTD:RSLinx Enterprise:P3.HMI_LIT301.Pv, 789.0073, 26/1/2016 1:50:44 AM, False, Not Annotated, False
D8CF2232, SWAT_SUTD:RSLinx Enterprise:P3.HMI_LIT301.Pv, 789.0073, 26/1/2016 1:50:45 AM, False, Not Annotated, False
D8CF2232, SWAT_SUTD:RSLinx Enterprise:P3.HMI_LIT301.Pv, 789.0073, 26/1/2016 1:50:46 AM, False, Not Annotated, False
D8CF2232, SWAT_SUTD:RSLinx Enterprise:P3.HMI_LIT301.Pv, 789.0073, 26/1/2016 1:50:47 AM, False, Not Annotated, False
D8CF2232, SWAT_SUTD:RSLinx Enterprise:P3.HMI_LIT301.Pv, 789.0073, 26/1/2016 1:50:48 AM, False, Not Annotated, False
D8CF2232, SWAT_SUTD:RSLinx Enterprise:P3.HMI_LIT301.Pv, 789.0073, 26/1/2016 1:50:49 AM, False, Not Annotated, False
D8CF2232, SWAT_SUTD:RSLinx Enterprise:P3.HMI_LIT301.Pv, 789.0073, 26/1/2016 1:50:50 AM, False, Not Annotated, False
D8CF2232, SWAT_SUTD:RSLinx Enterprise:P3.HMI_LIT301.Pv, 789.0073, 26/1/2016 1:50:51 AM, False, Not Annotated, False
D8CF2232, SWAT_SUTD:RSLinx Enterprise:P3.HMI_LIT301.Pv, 789.0073, 26/1/2016 1:50:52 AM, False, Not Annotated, False
D8CF2232, SWAT_SUTD:RSLinx Enterprise:P3.HMI_LIT301.Pv, 789.0073, 26/1/2016 1:50:53 AM, False, Not Annotated, False
D8CF2232, SWAT_SUTD:RSLinx Enterprise:P3.HMI_LIT301.Pv, 789.0073, 26/1/2016 1:50:54 AM, False, Not Annotated, False
D8CF2232, SWAT_SUTD:RSLinx Enterprise:P3.HMI_LIT301.Pv, 789.0073, 26/1/2016 1:50:55 AM, False, Not Annotated, False
D8CF2232, SWAT_SUTD:RSLinx Enterprise:P3.HMI_LIT301.Pv, 789.0073, 26/1/2016 1:50:56 AM, False, Not Annotated, False
D8CF2232, SWAT_SUTD:RSLinx Enterprise:P3.HMI_LIT301.Pv, 789.0073, 26/1/2016 1:50:57 AM, False, Not Annotated, False
D8CF2232, SWAT_SUTD:RSLinx Enterprise:P3.HMI_LIT301.Pv, 789.0073, 26/1/2016 1:50:58 AM, False, Not Annotated, False
D8CF2232, SWAT_SUTD:RSLinx Enterprise:P3.HMI_LIT301.Pv, 789.0073, 26/1/2016 1:50:59 AM, False, Not Annotated, False
D8CF2232, SWAT_SUTD:RSLinx Enterprise:P3.HMI_LIT301.Pv, 789.0073, 26/1/2016 1:51:00 AM, False, Not Annotated, False
D8CF2232, SWAT_SUTD:RSLinx Enterprise:P3.HMI_LIT301.Pv, 789.0073, 26/1/2016 1:51:01 AM, False, Not Annotated, False
D8CF2232, SWAT_SUTD:RSLinx Enterprise:P3.HMI_LIT301.Pv, 789.0073, 26/1/2016 1:51:02 AM, False, Not Annotated, False
D8CF2232, SWAT_SUTD:RSLinx Enterprise:P3.HMI_LIT301.Pv, 789.0073, 26/1/2016 1:51:03 AM, False, Not Annotated, False
D8CF2232, SWAT_SUTD:RSLinx Enterprise:P3.HMI_LIT301.Pv, 789.0073, 26/1/2016 1:51:04 AM, False, Not Annotated, False
D8CF2232, SWAT_SUTD:RSLinx Enterprise:P3.HMI_LIT301.Pv, 789.0073, 26/1/2016 1:51:05 AM, False, Not Annotated, False
D8CF2232, SWAT_SUTD:RSLinx Enterprise:P3.HMI_LIT301.Pv, 789.0073, 26/1/2016 1:51:06 AM, False, Not Annotated, False
D8CF2232, SWAT_SUTD:RSLinx Enterprise:P3.HMI_LIT301.Pv, 789.0073, 26/1/2016 1:51:07 AM, False, Not Annotated, False
D8CF2232, SWAT_SUTD:RSLinx Enterprise:P3.HMI_LIT301.Pv, 789.0073, 26/1/2016 1:51:08 AM, False, Not Annotated, False
D8CF2232, SWAT_SUTD:RSLinx Enterprise:P3.HMI_LIT301.Pv, 789.0073, 26/1/2016 1:51:09 AM, False, Not Annotated, False
D8CF2232, SWAT_SUTD:RSLinx Enterprise:P3.HMI_LIT301.Pv, 789.0073, 26/1/2016 1:51:10 AM, False, Not Annotated, False
D8CF2232, SWAT_SUTD:RSLinx Enterprise:P3.HMI_LIT301.Pv, 789.0073, 26/1/2016 1:51:11 AM, False, Not Annotated, False
D8CF2232, SWAT_SUTD:RSLinx Enterprise:P3.HMI_LIT301.Pv, 789.0073, 26/1/2016 1:51:12 AM, False, Not Annotated, False
D8CF2232, SWAT_SUTD:RSLinx Enterprise:P3.HMI_LIT301.Pv, 789.0073, 26/1/2016 1:51:13 AM, False, Not Annotated, False
D8CF2232, SWAT_SUTD:RSLinx Enterprise:P3.HMI_LIT301.Pv, 789.0073, 26/1/2016 1:51:14 AM, False, Not Annotated, False
D8CF2232, SWAT_SUTD:RSLinx Enterprise:P3.HMI_LIT301.Pv, 789.0073, 26/1/2016 1:51:15 AM, False, Not Annotated, False
D8CF2232, SWAT_SUTD:RSLinx Enterprise:P3.HMI_LIT301.Pv, 789.0073, 26/1/2016 1:51:16 AM, False, Not Annotated, False
D8CF2232, SWAT_SUTD:RSLinx Enterprise:P3.HMI_LIT301.Pv, 789.0073, 26/1/2016 1:51:17 AM, False, Not Annotated, False
D8CF2232, SWAT_SUTD:RSLinx Enterprise:P3.HMI_LIT301.Pv, 789.0073, 26/1/2016 1:51:18 AM, False, Not Annotated, False
D8CF2232, SWAT_SUTD:RSLinx Enterprise:P3.HMI_LIT301.Pv, 789.0073, 26/1/2016 1:51:19 AM, False, Not Annotated, False
D8CF2232, SWAT_SUTD:RSLinx Enterprise:P3.HMI_LIT301.Pv, 789.0073, 26/1/2016 1:51:20 AM, False, Not Annotated, False
D8CF2232, SWAT_SUTD:RSLinx Enterprise:P3.HMI_LIT301.Pv, 789.0073, 26/1/2016 1:51:21 AM, False, Not Annotated, False
D8CF2232, SWAT_SUTD:RSLinx Enterprise:P3.HMI_LIT301.Pv, 789.0073, 26/1/2016 1:51:22 AM, False, Not Annotated, False
D8CF2232, SWAT_SUTD:RSLinx Enterprise:P3.HMI_LIT301.Pv, 789.0073, 26/1/2016 1:51:23 AM, False, Not Annotated, False
D8CF2232, SWAT_SUTD:RSLinx Enterprise:P3.HMI_LIT301.Pv, 789.0073, 26/1/2016 1:51:24 AM, False, Not Annotated, False
D8CF2232, SWAT_SUTD:RSLinx Enterprise:P3.HMI_LIT301.Pv, 789.0073, 26/1/2016 1:51:25 AM, False, Not Annotated, False
D8CF2232, SWAT_SUTD:RSLinx Enterprise:P3.HMI_LIT301.Pv, 789.0073, 26/1/2016 1:51:26 AM, False, Not Annotated, False
D8CF2232, SWAT_SUTD:RSLinx Enterprise:P3.HMI_LIT301.Pv, 789.0073, 26/1/2016 1:51:27 AM, False, Not Annotated, False
D8CF2232, SWAT_SUTD:RSLinx Enterprise:P3.HMI_LIT301.Pv, 789.0073, 26/1/2016 1:51:28 AM, False, Not Annotated, False
D8CF2232, SWAT_SUTD:RSLinx Enterprise:P3.HMI_LIT301.Pv, 789.0073, 26/1/2016 1:51:29 AM, False, Not Annotated, False
D8CF2232, SWAT_SUTD:RSLinx Enterprise:P3.HMI_LIT301.Pv, 789.0073, 26/1/2016 1:51:30 AM, False, Not Annotated, False
D8CF2232, SWAT_SUTD:RSLinx Enterprise:P3.HMI_LIT301.Pv, 789.0073, 26/1/2016 1:51:31 AM, False, Not Annotated, False
D8CF2232, SWAT_SUTD:RSLinx Enterprise:P3.HMI_LIT301.Pv, 789.0073, 26/1/2016 1:51:32 AM, False, Not Annotated, False
D8CF2232, SWAT_SUTD:RSLinx Enterprise:P3.HMI_LIT301.Pv, 789.0073, 26/1/2016 1:51:33 AM, False, Not Annotated, False
D8CF2232, SWAT_SUTD:RSLinx Enterprise:P3.HMI_LIT301.Pv, 789.0073, 26/1/2016 1:51:34 AM, False, Not Annotated, False
D8CF2232, SWAT_SUTD:RSLinx Enterprise:P3.HMI_LIT301.Pv, 789.0073, 26/1/2016 1:51:35 AM, False, Not Annotated, False
D8CF2232, SWAT_SUTD:RSLinx Enterprise:P3.HMI_LIT301.Pv, 789.0073, 26/1/2016 1:51:36 AM, False, Not Annotated, False
D8CF2232, SWAT_SUTD:RSLinx Enterprise:P3.HMI_LIT301.Pv, 789.0073, 26/1/2016 1:51:37 AM, False, Not Annotated, False
D8CF2232, SWAT_SUTD:RSLinx Enterprise:P3.HMI_LIT301.Pv, 789.0073, 26/1/2016 1:51:38 AM, False, Not Annotated, False
D8CF2232, SWAT_SUTD:RSLinx Enterprise:P3.HMI_LIT301.Pv, 789.0073, 26/1/2016 1:51:39 AM, False, Not Annotated, False
D8CF2232, SWAT_SUTD:RSLinx Enterprise:P3.HMI_LIT301.Pv, 789.0073, 26/1/2016 1:51:40 AM, False, Not Annotated, False
D8CF2232, SWAT_SUTD:RSLinx Enterprise:P3.HMI_LIT301.Pv, 789.0073, 26/1/2016 1:51:41 AM, False, Not Annotated, False
D8CF2232, SWAT_SUTD:RSLinx Enterprise:P3.HMI_LIT301.Pv, 789.0073, 26/1/2016 1:51:42 AM, False, Not Annotated, False
D8CF2232, SWAT_SUTD:RSLinx Enterprise:P3.HMI_LIT301.Pv, 789.0073, 26/1/2016 1:51:43 AM, False, Not Annotated, False
D8CF2232, SWAT_SUTD:RSLinx Enterprise:P3.HMI_LIT301.Pv, 789.0073, 26/1/2016 1:51:44 AM, False, Not Annotated, False
D8CF2232, SWAT_SUTD:RSLinx Enterprise:P3.HMI_LIT301.Pv, 789.0073, 26/1/2016 1:51:45 AM, False, Not Annotated, False
D8CF2232, SWAT_SUTD:RSLinx Enterprise:P3.HMI_LIT301.Pv, 789.0073, 26/1/2016 1:51:46 AM, False, Not Annotated, False
D8CF2232, SWAT_SUTD:RSLinx Enterprise:P3.HMI_LIT301.Pv, 789.0073, 26/1/2016 1:51:47 AM, False, Not Annotated, False
D8CF2232, SWAT_SUTD:RSLinx Enterprise:P3.HMI_LIT301.Pv, 789.0073, 26/1/2016 1:51:48 AM, False, Not Annotated, False
D8CF2232, SWAT_SUTD:RSLinx Enterprise:P3.HMI_LIT301.Pv, 789.0073, 26/1/2016 1:51:49 AM, False, Not Annotated, False
D8CF2232, SWAT_SUTD:RSLinx Enterprise:P3.HMI_LIT301.Pv, 779.0073, 26/1/2016 1:51:50 AM, False, Not Annotated, False
D8CF2232, SWAT_SUTD:RSLinx Enterprise:P3.HMI_LIT301.Pv, 779.0073, 26/1/2016 1:51:51 AM, False, Not Annotated, False
D8CF2232, SWAT_SUTD:RSLinx Enterprise:P3.HMI_LIT301.Pv, 779.0073, 26/1/2016 1:51:52 AM, False, Not Annotated, False
D8CF2232, SWAT_SUTD:RSLinx Enterprise:P3.HMI_LIT301.Pv, 779.0073, 26/1/2016 1:51:53 AM, False, Not Annotated, False
D8CF2232, SWAT_SUTD:RSLinx Enterprise:P3.HMI_LIT301.Pv, 779.0073, 26/1/2016 1:51:54 AM, False, Not Annotated, False
D8CF2232, SWAT_SUTD:RSLinx Enterprise:P3.HMI_LIT301.Pv, 779.0073, 26/1/2016 1:51:55 AM, False, Not Annotated, False
D8CF2232, SWAT_SUTD:RSLinx Enterprise:P3.HMI_LIT301.Pv, 779.0073, 26/1/2016 1:51:56 AM, False, Not Annotated, False
D8CF2232, SWAT_SUTD:RSLinx Enterprise:P3.HMI_LIT301.Pv, 779.0073, 26/1/2016 1:51:57 AM, False, Not Annotated, False
D8CF2232, SWAT_SUTD:RSLinx Enterprise:P3.HMI_LIT301.Pv, 779.0073, 26/1/2016 1:51:58 AM, False, Not Annotated, False
D8CF2232, SWAT_SUTD:RSLinx Enterprise:P3.HMI_LIT301.Pv, 779.0073, 26/1/2016 1:51:59 AM, False, Not Annotated, False
