Server, Tagname,X_BAR, Timestamp, Questionable, Annotated, Substituted,,, LIT301,z
D8CF2232, ERROR_P1_Ls,799.0685, 26/1/2016 1:43:00 AM, False, Not Annotated, False,,,799.3544,0.2859
D8CF2232, ERROR_P1_Ls,799.0825, 26/1/2016 1:43:01 AM, False, Not Annotated, False,,,799.2742,0.1917
D8CF2232, ERROR_P1_Ls,799.1236, 26/1/2016 1:43:02 AM, False, Not Annotated, False,,,799.5947,0.4711
D8CF2232, ERROR_P1_Ls,799.1236, 26/1/2016 1:43:03 AM, False, Not Annotated, False,,,799.5546,0.431
D8CF2232, ERROR_P1_Ls,799.1646, 26/1/2016 1:43:04 AM, False, Not Annotated, False,,,799.9952,0.8306
D8CF2232, ERROR_P1_Ls,799.217, 26/1/2016 1:43:05 AM, False, Not Annotated, False,,,800.0753,0.8583
D8CF2232, ERROR_P1_Ls,799.342, 26/1/2016 1:43:06 AM, False, Not Annotated, False,,,799.6748,0.3328
D8CF2232, ERROR_P1_Ls,799.3928, 26/1/2016 1:43:07 AM, False, Not Annotated, False,,,799.9551,0.5623
D8CF2232, ERROR_P1_Ls,799.4462, 26/1/2016 1:43:08 AM, False, Not Annotated, False,,,799.9151,0.4689
D8CF2232, ERROR_P1_Ls,799.4794, 26/1/2016 1:43:09 AM, False, Not Annotated, False,,,799.7549,0.2755
D8CF2232, ERROR_P1_Ls,799.5246, 26/1/2016 1:43:10 AM, False, Not Annotated, False,,,800.2756,0.751
D8CF2232, ERROR_P1_Ls,799.6036, 26/1/2016 1:43:11 AM, False, Not Annotated, False,,,800.2756,0.672
D8CF2232, ERROR_P1_Ls,799.6675, 26/1/2016 1:43:12 AM, False, Not Annotated, False,,,799.9151,0.2476
D8CF2232, ERROR_P1_Ls,799.653, 26/1/2016 1:43:13 AM, False, Not Annotated, False,,,799.5546,0.0984
D8CF2232, ERROR_P1_Ls,799.653, 26/1/2016 1:43:14 AM, False, Not Annotated, False,,,799.6748,0.0218
D8CF2232, ERROR_P1_Ls,799.653, 26/1/2016 1:43:15 AM, False, Not Annotated, False,,,799.6748,0.0218
D8CF2232, ERROR_P1_Ls,799.6551, 26/1/2016 1:43:16 AM, False, Not Annotated, False,,,799.6748,0.0197
D8CF2232, ERROR_P1_Ls,799.6494, 26/1/2016 1:43:17 AM, False, Not Annotated, False,,,799.3544,0.295
D8CF2232, ERROR_P1_Ls,799.6365, 26/1/2016 1:43:18 AM, False, Not Annotated, False,,,799.5146,0.1219
D8CF2232, ERROR_P1_Ls,799.6326, 26/1/2016 1:43:19 AM, False, Not Annotated, False,,,799.1541,0.4785
D8CF2232, ERROR_P1_Ls,799.6213, 26/1/2016 1:43:20 AM, False, Not Annotated, False,,,799.114,0.5073
D8CF2232, ERROR_P1_Ls,799.5693, 26/1/2016 1:43:21 AM, False, Not Annotated, False,,,799.1541,0.4152
D8CF2232, ERROR_P1_Ls,799.5259, 26/1/2016 1:43:22 AM, False, Not Annotated, False,,,799.4745,0.0514
D8CF2232, ERROR_P1_Ls,799.4944, 26/1/2016 1:43:23 AM, False, Not Annotated, False,,,799.3544,0.14
D8CF2232, ERROR_P1_Ls,799.4462, 26/1/2016 1:43:24 AM, False, Not Annotated, False,,,798.9538,0.4924
D8CF2232, ERROR_P1_Ls,799.4462, 26/1/2016 1:43:25 AM, False, Not Annotated, False,,,799.2742,0.172
D8CF2232, ERROR_P1_Ls,799.378, 26/1/2016 1:43:26 AM, False, Not Annotated, False,,,799.3143,0.0637
D8CF2232, ERROR_P1_Ls,799.3491, 26/1/2016 1:43:27 AM, False, Not Annotated, False,,,799.1942,0.1549
D8CF2232, ERROR_P1_Ls,799.3344, 26/1/2016 1:43:28 AM, False, Not Annotated, False,,,798.9138,0.4206
D8CF2232, ERROR_P1_Ls,799.2943, 26/1/2016 1:43:29 AM, False, Not Annotated, False,,,798.9538,0.3405
D8CF2232, ERROR_P1_Ls,799.2543, 26/1/2016 1:43:30 AM, False, Not Annotated, False,,,799.1541,0.1002
D8CF2232, ERROR_P1_Ls,799.2448, 26/1/2016 1:43:31 AM, False, Not Annotated, False,,,799.1541,0.0907
D8CF2232, ERROR_P1_Ls,799.066, 26/1/2016 1:43:32 AM, False, Not Annotated, False,,,799.1541,0.0881
D8CF2232, ERROR_P1_Ls,799.0901, 26/1/2016 1:43:33 AM, False, Not Annotated, False,,,799.074,0.0161
D8CF2232, ERROR_P1_Ls,799.0847, 26/1/2016 1:43:34 AM, False, Not Annotated, False,,,799.114,0.0293
D8CF2232, ERROR_P1_Ls,799.0922, 26/1/2016 1:43:35 AM, False, Not Annotated, False,,,799.074,0.0182
D8CF2232, ERROR_P1_Ls,799.0884, 26/1/2016 1:43:36 AM, False, Not Annotated, False,,,799.2742,0.1858
D8CF2232, ERROR_P1_Ls,799.1221, 26/1/2016 1:43:37 AM, False, Not Annotated, False,,,799.3143,0.1922
D8CF2232, ERROR_P1_Ls,799.153, 26/1/2016 1:43:38 AM, False, Not Annotated, False,,,799.3143,0.1613
D8CF2232, ERROR_P1_Ls,799.1765, 26/1/2016 1:43:39 AM, False, Not Annotated, False,,,799.114,0.0625
D8CF2232, ERROR_P1_Ls,799.1411, 26/1/2016 1:43:40 AM, False, Not Annotated, False,,,799.3544,0.2133
D8CF2232, ERROR_P1_Ls,799.145, 26/1/2016 1:43:41 AM, False, Not Annotated, False,,,799.3544,0.2094
D8CF2232, ERROR_P1_Ls,799.2156, 26/1/2016 1:43:42 AM, False, Not Annotated, False,,,799.3544,0.1388
D8CF2232, ERROR_P1_Ls,799.3004, 26/1/2016 1:43:43 AM, False, Not Annotated, False,,,799.5947,0.2943
D8CF2232, ERROR_P1_Ls,799.382, 26/1/2016 1:43:44 AM, False, Not Annotated, False,,,798.9939,0.3881
D8CF2232, ERROR_P1_Ls,799.35, 26/1/2016 1:43:45 AM, False, Not Annotated, False,,,798.9939,0.3561
D8CF2232, ERROR_P1_Ls,799.261, 26/1/2016 1:43:46 AM, False, Not Annotated, False,,,799.1942,0.0668
D8CF2232, ERROR_P1_Ls,799.2402, 26/1/2016 1:43:47 AM, False, Not Annotated, False,,,799.114,0.1262
D8CF2232, ERROR_P1_Ls,799.2997, 26/1/2016 1:43:48 AM, False, Not Annotated, False,,,798.9939,0.3058
D8CF2232, ERROR_P1_Ls,799.2593, 26/1/2016 1:43:49 AM, False, Not Annotated, False,,,798.9939,0.2654
D8CF2232, ERROR_P1_Ls,799.2688, 26/1/2016 1:43:50 AM, False, Not Annotated, False,,,798.7135,0.5553
D8CF2232, ERROR_P1_Ls,799.2634, 26/1/2016 1:43:51 AM, False, Not Annotated, False,,,798.6735,0.5899
D8CF2232, ERROR_P1_Ls,799.1729, 26/1/2016 1:43:52 AM, False, Not Annotated, False,,,798.7135,0.4594
D8CF2232, ERROR_P1_Ls,799.1729, 26/1/2016 1:43:53 AM, False, Not Annotated, False,,,798.7135,0.4594
D8CF2232, ERROR_P1_Ls,799.1294, 26/1/2016 1:43:54 AM, False, Not Annotated, False,,,798.5933,0.5361
D8CF2232, ERROR_P1_Ls,799.1106, 26/1/2016 1:43:55 AM, False, Not Annotated, False,,,798.9939,0.1167
D8CF2232, ERROR_P1_Ls,799.222, 26/1/2016 1:43:56 AM, False, Not Annotated, False,,,798.7936,0.4284
D8CF2232, ERROR_P1_Ls,799.2309, 26/1/2016 1:43:57 AM, False, Not Annotated, False,,,798.7135,0.5174
D8CF2232, ERROR_P1_Ls,799.2019, 26/1/2016 1:43:58 AM, False, Not Annotated, False,,,798.6735,0.5284
D8CF2232, ERROR_P1_Ls,799.3011, 26/1/2016 1:43:59 AM, False, Not Annotated, False,,,798.9538,0.3473
D8CF2232, ERROR_P1_Ls,799.2887, 26/1/2016 1:44:00 AM, False, Not Annotated, False,,,798.7936,0.4951
D8CF2232, ERROR_P1_Ls,799.292, 26/1/2016 1:44:01 AM, False, Not Annotated, False,,,798.7535,0.5385
D8CF2232, ERROR_P1_Ls,799.2951, 26/1/2016 1:44:02 AM, False, Not Annotated, False,,,798.5533,0.7418
D8CF2232, ERROR_P1_Ls,799.2742, 26/1/2016 1:44:03 AM, False, Not Annotated, False,,,798.7535,0.5207
D8CF2232, ERROR_P1_Ls,799.2119, 26/1/2016 1:44:04 AM, False, Not Annotated, False,,,798.9138,0.2981
D8CF2232, ERROR_P1_Ls,799.2869, 26/1/2016 1:44:05 AM, False, Not Annotated, False,,,798.9138,0.3731
D8CF2232, ERROR_P1_Ls,799.3494, 26/1/2016 1:44:06 AM, False, Not Annotated, False,,,798.7135,0.6359
D8CF2232, ERROR_P1_Ls,799.3445, 26/1/2016 1:44:07 AM, False, Not Annotated, False,,,799.074,0.2705
D8CF2232, ERROR_P1_Ls,799.4001, 26/1/2016 1:44:08 AM, False, Not Annotated, False,,,798.8737,0.5264
D8CF2232, ERROR_P1_Ls,799.4001, 26/1/2016 1:44:09 AM, False, Not Annotated, False,,,798.8737,0.5264
D8CF2232, ERROR_P1_Ls,799.4984, 26/1/2016 1:44:10 AM, False, Not Annotated, False,,,799.074,0.4244
D8CF2232, ERROR_P1_Ls,799.5914, 26/1/2016 1:44:11 AM, False, Not Annotated, False,,,799.3143,0.2771
D8CF2232, ERROR_P1_Ls,799.6567, 26/1/2016 1:44:12 AM, False, Not Annotated, False,,,799.7148,0.0581
D8CF2232, ERROR_P1_Ls,799.7977, 26/1/2016 1:44:13 AM, False, Not Annotated, False,,,799.5546,0.2431
D8CF2232, ERROR_P1_Ls,799.885, 26/1/2016 1:44:14 AM, False, Not Annotated, False,,,799.9551,0.0701
D8CF2232, ERROR_P1_Ls,799.9821, 26/1/2016 1:44:15 AM, False, Not Annotated, False,,,799.5546,0.4275
D8CF2232, ERROR_P1_Ls,800.086, 26/1/2016 1:44:16 AM, False, Not Annotated, False,,,799.7148,0.3712
D8CF2232, ERROR_P1_Ls,800.0721, 26/1/2016 1:44:17 AM, False, Not Annotated, False,,,799.9551,0.117
D8CF2232, ERROR_P1_Ls,800.0723, 26/1/2016 1:44:18 AM, False, Not Annotated, False,,,799.6748,0.3975
D8CF2232, ERROR_P1_Ls,800.1598, 26/1/2016 1:44:19 AM, False, Not Annotated, False,,,799.5947,0.5651
D8CF2232, ERROR_P1_Ls,800.1064, 26/1/2016 1:44:20 AM, False, Not Annotated, False,,,799.6748,0.4316
D8CF2232, ERROR_P1_Ls,800.0455, 26/1/2016 1:44:21 AM, False, Not Annotated, False,,,799.5947,0.4508
D8CF2232, ERROR_P1_Ls,800.0455, 26/1/2016 1:44:22 AM, False, Not Annotated, False,,,799.3544,0.6911
D8CF2232, ERROR_P1_Ls,800.0652, 26/1/2016 1:44:23 AM, False, Not Annotated, False,,,799.5146,0.5506
D8CF2232, ERROR_P1_Ls,800.0008, 26/1/2016 1:44:24 AM, False, Not Annotated, False,,,799.2742,0.7266
D8CF2232, ERROR_P1_Ls,799.9639, 26/1/2016 1:44:25 AM, False, Not Annotated, False,,,799.114,0.8499
D8CF2232, ERROR_P1_Ls,799.6989, 26/1/2016 1:44:26 AM, False, Not Annotated, False,,,799.2742,0.4247
D8CF2232, ERROR_P1_Ls,799.6175, 26/1/2016 1:44:27 AM, False, Not Annotated, False,,,799.1541,0.4634
D8CF2232, ERROR_P1_Ls,799.6229, 26/1/2016 1:44:28 AM, False, Not Annotated, False,,,798.9939,0.629
D8CF2232, ERROR_P1_Ls,799.5125, 26/1/2016 1:44:29 AM, False, Not Annotated, False,,,798.9138,0.5987
D8CF2232, ERROR_P1_Ls,799.4172, 26/1/2016 1:44:30 AM, False, Not Annotated, False,,,798.9939,0.4233
D8CF2232, ERROR_P1_Ls,799.3835, 26/1/2016 1:44:31 AM, False, Not Annotated, False,,,798.7535,0.63
D8CF2232, ERROR_P1_Ls,799.3356, 26/1/2016 1:44:32 AM, False, Not Annotated, False,,,798.6735,0.6621
D8CF2232, ERROR_P1_Ls,799.2998, 26/1/2016 1:44:33 AM, False, Not Annotated, False,,,798.8737,0.4261
D8CF2232, ERROR_P1_Ls,799.2845, 26/1/2016 1:44:34 AM, False, Not Annotated, False,,,798.9939,0.2906
D8CF2232, ERROR_P1_Ls,799.3854, 26/1/2016 1:44:35 AM, False, Not Annotated, False,,,799.1942,0.1912
D8CF2232, ERROR_P1_Ls,799.4822, 26/1/2016 1:44:36 AM, False, Not Annotated, False,,,799.3143,0.1679
D8CF2232, ERROR_P1_Ls,799.5634, 26/1/2016 1:44:37 AM, False, Not Annotated, False,,,799.074,0.4894
D8CF2232, ERROR_P1_Ls,799.6207, 26/1/2016 1:44:38 AM, False, Not Annotated, False,,,799.1541,0.4666
D8CF2232, ERROR_P1_Ls,799.6581, 26/1/2016 1:44:39 AM, False, Not Annotated, False,,,799.5947,0.0634
D8CF2232, ERROR_P1_Ls,799.7795, 26/1/2016 1:44:40 AM, False, Not Annotated, False,,,799.7148,0.0647
D8CF2232, ERROR_P1_Ls,799.9969, 26/1/2016 1:44:41 AM, False, Not Annotated, False,,,799.9551,0.0418
D8CF2232, ERROR_P1_Ls,800.1385, 26/1/2016 1:44:42 AM, False, Not Annotated, False,,,800.1955,0.057
D8CF2232, ERROR_P1_Ls,800.2964, 26/1/2016 1:44:43 AM, False, Not Annotated, False,,,800.1154,0.181
D8CF2232, ERROR_P1_Ls,800.4792, 26/1/2016 1:44:44 AM, False, Not Annotated, False,,,799.7949,0.6843
D8CF2232, ERROR_P1_Ls,800.5013, 26/1/2016 1:44:45 AM, False, Not Annotated, False,,,800.2756,0.2257
D8CF2232, ERROR_P1_Ls,800.5169, 26/1/2016 1:44:46 AM, False, Not Annotated, False,,,800.1154,0.4015
D8CF2232, ERROR_P1_Ls,800.5884, 26/1/2016 1:44:47 AM, False, Not Annotated, False,,,800.4758,0.1126
D8CF2232, ERROR_P1_Ls,800.6973, 26/1/2016 1:44:48 AM, False, Not Annotated, False,,,800.3156,0.3817
D8CF2232, ERROR_P1_Ls,800.6298, 26/1/2016 1:44:49 AM, False, Not Annotated, False,,,799.8751,0.7547
D8CF2232, ERROR_P1_Ls,800.6536, 26/1/2016 1:44:50 AM, False, Not Annotated, False,,,799.9952,0.6584
D8CF2232, ERROR_P1_Ls,800.5872, 26/1/2016 1:44:51 AM, False, Not Annotated, False,,,799.9151,0.6721
D8CF2232, ERROR_P1_Ls,800.4576, 26/1/2016 1:44:52 AM, False, Not Annotated, False,,,799.3544,1.1032
D8CF2232, ERROR_P1_Ls,800.3311, 26/1/2016 1:44:53 AM, False, Not Annotated, False,,,799.2742,1.0569
D8CF2232, ERROR_P1_Ls,800.2183, 26/1/2016 1:44:54 AM, False, Not Annotated, False,,,799.3944,0.8239
D8CF2232, ERROR_P1_Ls,800.1377, 26/1/2016 1:44:55 AM, False, Not Annotated, False,,,799.2742,0.8635
D8CF2232, ERROR_P1_Ls,800.0449, 26/1/2016 1:44:56 AM, False, Not Annotated, False,,,798.9939,1.051
D8CF2232, ERROR_P1_Ls,799.8962, 26/1/2016 1:44:57 AM, False, Not Annotated, False,,,798.9138,0.9824
D8CF2232, ERROR_P1_Ls,799.7663, 26/1/2016 1:44:58 AM, False, Not Annotated, False,,,799.114,0.6523
D8CF2232, ERROR_P1_Ls,799.7343, 26/1/2016 1:44:59 AM, False, Not Annotated, False,,,799.5146,0.2197
D8CF2232, ERROR_P1_Ls,799.8338, 26/1/2016 1:45:00 AM, False, Not Annotated, False,,,799.9151,0.0813
D8CF2232, ERROR_P1_Ls,800.0234, 26/1/2016 1:45:01 AM, False, Not Annotated, False,,,799.8751,0.1483
D8CF2232, ERROR_P1_Ls,800.0981, 26/1/2016 1:45:02 AM, False, Not Annotated, False,,,799.9551,0.143
D8CF2232, ERROR_P1_Ls,800.2227, 26/1/2016 1:45:03 AM, False, Not Annotated, False,,,800.3156,0.0929
D8CF2232, ERROR_P1_Ls,800.3814, 26/1/2016 1:45:04 AM, False, Not Annotated, False,,,800.1555,0.2259
D8CF2232, ERROR_P1_Ls,800.5167, 26/1/2016 1:45:05 AM, False, Not Annotated, False,,,800.2756,0.2411
D8CF2232, ERROR_P1_Ls,800.6127, 26/1/2016 1:45:06 AM, False, Not Annotated, False,,,800.3557,0.257
D8CF2232, ERROR_P1_Ls,800.691, 26/1/2016 1:45:07 AM, False, Not Annotated, False,,,800.4758,0.2152
D8CF2232, ERROR_P1_Ls,800.8174, 26/1/2016 1:45:08 AM, False, Not Annotated, False,,,800.7963,0.0211
D8CF2232, ERROR_P1_Ls,800.9164, 26/1/2016 1:45:09 AM, False, Not Annotated, False,,,800.9164,0
D8CF2232, ERROR_P1_Ls,801.1042, 26/1/2016 1:45:10 AM, False, Not Annotated, False,,,800.9164,0.1878
D8CF2232, ERROR_P1_Ls,801.2838, 26/1/2016 1:45:11 AM, False, Not Annotated, False,,,801.3571,0.0733
D8CF2232, ERROR_P1_Ls,801.4091, 26/1/2016 1:45:12 AM, False, Not Annotated, False,,,801.1968,0.2123
D8CF2232, ERROR_P1_Ls,801.6158, 26/1/2016 1:45:13 AM, False, Not Annotated, False,,,801.7976,0.1818
D8CF2232, ERROR_P1_Ls,801.8086, 26/1/2016 1:45:14 AM, False, Not Annotated, False,,,802.5587,0.7501
D8CF2232, ERROR_P1_Ls,802.1106, 26/1/2016 1:45:15 AM, False, Not Annotated, False,,,802.4786,0.368
D8CF2232, ERROR_P1_Ls,802.4537, 26/1/2016 1:45:16 AM, False, Not Annotated, False,,,802.7189,0.2652
D8CF2232, ERROR_P1_Ls,802.7543, 26/1/2016 1:45:17 AM, False, Not Annotated, False,,,802.9993,0.245
D8CF2232, ERROR_P1_Ls,802.9658, 26/1/2016 1:45:18 AM, False, Not Annotated, False,,,802.8791,0.0867
D8CF2232, ERROR_P1_Ls,803.079, 26/1/2016 1:45:19 AM, False, Not Annotated, False,,,803.1194,0.0404
D8CF2232, ERROR_P1_Ls,803.2665, 26/1/2016 1:45:20 AM, False, Not Annotated, False,,,803.0793,0.1872
D8CF2232, ERROR_P1_Ls,803.2665, 26/1/2016 1:45:21 AM, False, Not Annotated, False,,,803.0793,0.1872
D8CF2232, ERROR_P1_Ls,803.4459, 26/1/2016 1:45:22 AM, False, Not Annotated, False,,,803.6,0.1541
D8CF2232, ERROR_P1_Ls,803.5732, 26/1/2016 1:45:23 AM, False, Not Annotated, False,,,803.7202,0.147
D8CF2232, ERROR_P1_Ls,803.7468, 26/1/2016 1:45:24 AM, False, Not Annotated, False,,,803.7603,0.0135
D8CF2232, ERROR_P1_Ls,803.8571, 26/1/2016 1:45:25 AM, False, Not Annotated, False,,,803.56,0.2971
D8CF2232, ERROR_P1_Ls,803.8766, 26/1/2016 1:45:26 AM, False, Not Annotated, False,,,803.6,0.2766
D8CF2232, ERROR_P1_Ls,803.9976, 26/1/2016 1:45:27 AM, False, Not Annotated, False,,,803.6802,0.3174
D8CF2232, ERROR_P1_Ls,804.0352, 26/1/2016 1:45:28 AM, False, Not Annotated, False,,,803.6,0.4352
D8CF2232, ERROR_P1_Ls,804.1211, 26/1/2016 1:45:29 AM, False, Not Annotated, False,,,803.6802,0.4409
D8CF2232, ERROR_P1_Ls,804.1815, 26/1/2016 1:45:30 AM, False, Not Annotated, False,,,803.6,0.5815
D8CF2232, ERROR_P1_Ls,804.0771, 26/1/2016 1:45:31 AM, False, Not Annotated, False,,,803.56,0.5171
D8CF2232, ERROR_P1_Ls,803.9836, 26/1/2016 1:45:32 AM, False, Not Annotated, False,,,803.2796,0.704
D8CF2232, ERROR_P1_Ls,803.9642, 26/1/2016 1:45:33 AM, False, Not Annotated, False,,,803.3998,0.5644
D8CF2232, ERROR_P1_Ls,803.9387, 26/1/2016 1:45:34 AM, False, Not Annotated, False,,,803.56,0.3787
D8CF2232, ERROR_P1_Ls,803.9794, 26/1/2016 1:45:35 AM, False, Not Annotated, False,,,803.3197,0.6597
D8CF2232, ERROR_P1_Ls,803.9713, 26/1/2016 1:45:36 AM, False, Not Annotated, False,,,803.4799,0.4914
D8CF2232, ERROR_P1_Ls,803.9891, 26/1/2016 1:45:37 AM, False, Not Annotated, False,,,803.6802,0.3089
D8CF2232, ERROR_P1_Ls,804.0373, 26/1/2016 1:45:38 AM, False, Not Annotated, False,,,803.6,0.4373
D8CF2232, ERROR_P1_Ls,804.0342, 26/1/2016 1:45:39 AM, False, Not Annotated, False,,,803.6,0.4342
D8CF2232, ERROR_P1_Ls,804.0558, 26/1/2016 1:45:40 AM, False, Not Annotated, False,,,803.56,0.4958
D8CF2232, ERROR_P1_Ls,804.1661, 26/1/2016 1:45:41 AM, False, Not Annotated, False,,,803.9606,0.2055
D8CF2232, ERROR_P1_Ls,804.2559, 26/1/2016 1:45:42 AM, False, Not Annotated, False,,,803.9205,0.3354
D8CF2232, ERROR_P1_Ls,804.2833, 26/1/2016 1:45:43 AM, False, Not Annotated, False,,,803.9205,0.3628
D8CF2232, ERROR_P1_Ls,804.387, 26/1/2016 1:45:44 AM, False, Not Annotated, False,,,804.0006,0.3864
D8CF2232, ERROR_P1_Ls,804.4243, 26/1/2016 1:45:45 AM, False, Not Annotated, False,,,803.9606,0.4637
D8CF2232, ERROR_P1_Ls,804.559, 26/1/2016 1:45:46 AM, False, Not Annotated, False,,,804.6014,0.0424
D8CF2232, ERROR_P1_Ls,804.7371, 26/1/2016 1:45:47 AM, False, Not Annotated, False,,,804.4813,0.2558
D8CF2232, ERROR_P1_Ls,804.8616, 26/1/2016 1:45:48 AM, False, Not Annotated, False,,,804.6014,0.2602
D8CF2232, ERROR_P1_Ls,804.9966, 26/1/2016 1:45:49 AM, False, Not Annotated, False,,,804.8818,0.1148
D8CF2232, ERROR_P1_Ls,805.1036, 26/1/2016 1:45:50 AM, False, Not Annotated, False,,,804.8017,0.3019
D8CF2232, ERROR_P1_Ls,805.1555, 26/1/2016 1:45:51 AM, False, Not Annotated, False,,,804.5213,0.6342
D8CF2232, ERROR_P1_Ls,805.1921, 26/1/2016 1:45:52 AM, False, Not Annotated, False,,,804.7216,0.4705
D8CF2232, ERROR_P1_Ls,805.204, 26/1/2016 1:45:53 AM, False, Not Annotated, False,,,804.5213,0.6827
D8CF2232, ERROR_P1_Ls,805.2134, 26/1/2016 1:45:54 AM, False, Not Annotated, False,,,804.9619,0.2515
D8CF2232, ERROR_P1_Ls,805.2795, 26/1/2016 1:45:55 AM, False, Not Annotated, False,,,804.8017,0.4778
D8CF2232, ERROR_P1_Ls,805.3506, 26/1/2016 1:45:56 AM, False, Not Annotated, False,,,805.082,0.2686
D8CF2232, ERROR_P1_Ls,805.4366, 26/1/2016 1:45:57 AM, False, Not Annotated, False,,,804.8818,0.5548
D8CF2232, ERROR_P1_Ls,805.4971, 26/1/2016 1:45:58 AM, False, Not Annotated, False,,,804.7616,0.7355
D8CF2232, ERROR_P1_Ls,805.4797, 26/1/2016 1:45:59 AM, False, Not Annotated, False,,,804.9218,0.5579
D8CF2232, ERROR_P1_Ls,805.478, 26/1/2016 1:46:00 AM, False, Not Annotated, False,,,804.8818,0.5962
D8CF2232, ERROR_P1_Ls,805.5244, 26/1/2016 1:46:01 AM, False, Not Annotated, False,,,804.8818,0.6426
D8CF2232, ERROR_P1_Ls,805.449, 26/1/2016 1:46:02 AM, False, Not Annotated, False,,,804.6815,0.7675
D8CF2232, ERROR_P1_Ls,805.4673, 26/1/2016 1:46:03 AM, False, Not Annotated, False,,,804.9218,0.5455
D8CF2232, ERROR_P1_Ls,805.4553, 26/1/2016 1:46:04 AM, False, Not Annotated, False,,,804.8818,0.5735
D8CF2232, ERROR_P1_Ls,805.3632, 26/1/2016 1:46:05 AM, False, Not Annotated, False,,,805.002,0.3612
D8CF2232, ERROR_P1_Ls,805.4767, 26/1/2016 1:46:06 AM, False, Not Annotated, False,,,805.3624,0.1143
D8CF2232, ERROR_P1_Ls,805.4741, 26/1/2016 1:46:07 AM, False, Not Annotated, False,,,804.9218,0.5523
D8CF2232, ERROR_P1_Ls,805.4363, 26/1/2016 1:46:08 AM, False, Not Annotated, False,,,804.9619,0.4744
D8CF2232, ERROR_P1_Ls,805.4692, 26/1/2016 1:46:09 AM, False, Not Annotated, False,,,805.2823,0.1869
D8CF2232, ERROR_P1_Ls,805.5285, 26/1/2016 1:46:10 AM, False, Not Annotated, False,,,805.5627,0.0342
D8CF2232, ERROR_P1_Ls,805.6532, 26/1/2016 1:46:11 AM, False, Not Annotated, False,,,805.2823,0.3709
D8CF2232, ERROR_P1_Ls,805.7409, 26/1/2016 1:46:12 AM, False, Not Annotated, False,,,805.5627,0.1782
D8CF2232, ERROR_P1_Ls,805.8036, 26/1/2016 1:46:13 AM, False, Not Annotated, False,,,805.3624,0.4412
D8CF2232, ERROR_P1_Ls,805.8479, 26/1/2016 1:46:14 AM, False, Not Annotated, False,,,805.3224,0.5255
D8CF2232, ERROR_P1_Ls,805.8077, 26/1/2016 1:46:15 AM, False, Not Annotated, False,,,804.7216,1.0861
D8CF2232, ERROR_P1_Ls,805.6487, 26/1/2016 1:46:16 AM, False, Not Annotated, False,,,805.082,0.5667
D8CF2232, ERROR_P1_Ls,805.6439, 26/1/2016 1:46:17 AM, False, Not Annotated, False,,,805.082,0.5619
D8CF2232, ERROR_P1_Ls,805.5929, 26/1/2016 1:46:18 AM, False, Not Annotated, False,,,805.2823,0.3106
D8CF2232, ERROR_P1_Ls,805.6628, 26/1/2016 1:46:19 AM, False, Not Annotated, False,,,805.1622,0.5006
D8CF2232, ERROR_P1_Ls,805.6768, 26/1/2016 1:46:20 AM, False, Not Annotated, False,,,805.2823,0.3945
D8CF2232, ERROR_P1_Ls,805.7225, 26/1/2016 1:46:21 AM, False, Not Annotated, False,,,805.2823,0.4402
D8CF2232, ERROR_P1_Ls,805.7548, 26/1/2016 1:46:22 AM, False, Not Annotated, False,,,805.6829,0.0719
D8CF2232, ERROR_P1_Ls,805.7548, 26/1/2016 1:46:23 AM, False, Not Annotated, False,,,805.6829,0.0719
D8CF2232, ERROR_P1_Ls,805.8978, 26/1/2016 1:46:24 AM, False, Not Annotated, False,,,805.4025,0.4953
D8CF2232, ERROR_P1_Ls,805.9166, 26/1/2016 1:46:25 AM, False, Not Annotated, False,,,805.6829,0.2337
D8CF2232, ERROR_P1_Ls,805.9886, 26/1/2016 1:46:26 AM, False, Not Annotated, False,,,805.4025,0.5861
D8CF2232, ERROR_P1_Ls,805.9688, 26/1/2016 1:46:27 AM, False, Not Annotated, False,,,805.6027,0.3661
D8CF2232, ERROR_P1_Ls,806.0023, 26/1/2016 1:46:28 AM, False, Not Annotated, False,,,805.2823,0.72
D8CF2232, ERROR_P1_Ls,805.9539, 26/1/2016 1:46:29 AM, False, Not Annotated, False,,,805.4826,0.4713
D8CF2232, ERROR_P1_Ls,805.9197, 26/1/2016 1:46:30 AM, False, Not Annotated, False,,,805.7629,0.1568
D8CF2232, ERROR_P1_Ls,806.0384, 26/1/2016 1:46:31 AM, False, Not Annotated, False,,,805.9633,0.0751
D8CF2232, ERROR_P1_Ls,806.3312, 26/1/2016 1:46:32 AM, False, Not Annotated, False,,,806.1635,0.1677
D8CF2232, ERROR_P1_Ls,806.3312, 26/1/2016 1:46:33 AM, False, Not Annotated, False,,,806.1635,0.1677
D8CF2232, ERROR_P1_Ls,806.5043, 26/1/2016 1:46:34 AM, False, Not Annotated, False,,,806.7242,0.2199
D8CF2232, ERROR_P1_Ls,806.6735, 26/1/2016 1:46:35 AM, False, Not Annotated, False,,,806.564,0.1095
D8CF2232, ERROR_P1_Ls,806.852, 26/1/2016 1:46:36 AM, False, Not Annotated, False,,,807.1248,0.2728
D8CF2232, ERROR_P1_Ls,806.9671, 26/1/2016 1:46:37 AM, False, Not Annotated, False,,,807.3651,0.398
D8CF2232, ERROR_P1_Ls,807.2263, 26/1/2016 1:46:38 AM, False, Not Annotated, False,,,807.1649,0.0614
D8CF2232, ERROR_P1_Ls,807.4214, 26/1/2016 1:46:39 AM, False, Not Annotated, False,,,806.9245,0.4969
D8CF2232, ERROR_P1_Ls,807.4523, 26/1/2016 1:46:40 AM, False, Not Annotated, False,,,806.9245,0.5278
D8CF2232, ERROR_P1_Ls,807.5688, 26/1/2016 1:46:41 AM, False, Not Annotated, False,,,807.4853,0.0835
D8CF2232, ERROR_P1_Ls,807.6028, 26/1/2016 1:46:42 AM, False, Not Annotated, False,,,807.6855,0.0827
D8CF2232, ERROR_P1_Ls,807.6741, 26/1/2016 1:46:43 AM, False, Not Annotated, False,,,807.5654,0.1087
D8CF2232, ERROR_P1_Ls,808.0365, 26/1/2016 1:46:44 AM, False, Not Annotated, False,,,807.6055,0.431
D8CF2232, ERROR_P1_Ls,808.0747, 26/1/2016 1:46:45 AM, False, Not Annotated, False,,,808.006,0.0687
D8CF2232, ERROR_P1_Ls,808.2184, 26/1/2016 1:46:46 AM, False, Not Annotated, False,,,808.2463,0.0279
D8CF2232, ERROR_P1_Ls,808.3417, 26/1/2016 1:46:47 AM, False, Not Annotated, False,,,807.9258,0.4159
D8CF2232, ERROR_P1_Ls,808.4272, 26/1/2016 1:46:48 AM, False, Not Annotated, False,,,807.9659,0.4613
D8CF2232, ERROR_P1_Ls,808.4618, 26/1/2016 1:46:49 AM, False, Not Annotated, False,,,807.7657,0.6961
D8CF2232, ERROR_P1_Ls,808.4618, 26/1/2016 1:46:50 AM, False, Not Annotated, False,,,807.7657,0.6961
D8CF2232, ERROR_P1_Ls,808.45, 26/1/2016 1:46:51 AM, False, Not Annotated, False,,,808.006,0.444
D8CF2232, ERROR_P1_Ls,808.5724, 26/1/2016 1:46:52 AM, False, Not Annotated, False,,,808.0861,0.4863
D8CF2232, ERROR_P1_Ls,808.504, 26/1/2016 1:46:53 AM, False, Not Annotated, False,,,807.6055,0.8985
D8CF2232, ERROR_P1_Ls,808.4448, 26/1/2016 1:46:54 AM, False, Not Annotated, False,,,807.9659,0.4789
D8CF2232, ERROR_P1_Ls,808.4641, 26/1/2016 1:46:55 AM, False, Not Annotated, False,,,807.9258,0.5383
D8CF2232, ERROR_P1_Ls,808.4657, 26/1/2016 1:46:56 AM, False, Not Annotated, False,,,807.5253,0.9404
D8CF2232, ERROR_P1_Ls,808.3482, 26/1/2016 1:46:57 AM, False, Not Annotated, False,,,807.7256,0.6226
D8CF2232, ERROR_P1_Ls,808.3265, 26/1/2016 1:46:58 AM, False, Not Annotated, False,,,807.5253,0.8012
D8CF2232, ERROR_P1_Ls,808.2511, 26/1/2016 1:46:59 AM, False, Not Annotated, False,,,807.4052,0.8459
D8CF2232, ERROR_P1_Ls,808.1615, 26/1/2016 1:47:00 AM, False, Not Annotated, False,,,807.5654,0.5961
D8CF2232, ERROR_P1_Ls,808.1223, 26/1/2016 1:47:01 AM, False, Not Annotated, False,,,807.3651,0.7572
D8CF2232, ERROR_P1_Ls,808.0965, 26/1/2016 1:47:02 AM, False, Not Annotated, False,,,807.4052,0.6913
D8CF2232, ERROR_P1_Ls,808.0212, 26/1/2016 1:47:03 AM, False, Not Annotated, False,,,807.1649,0.8563
D8CF2232, ERROR_P1_Ls,807.9683, 26/1/2016 1:47:04 AM, False, Not Annotated, False,,,807.5253,0.443
D8CF2232, ERROR_P1_Ls,807.943, 26/1/2016 1:47:05 AM, False, Not Annotated, False,,,807.3651,0.5779
D8CF2232, ERROR_P1_Ls,807.9948, 26/1/2016 1:47:06 AM, False, Not Annotated, False,,,807.2049,0.7899
D8CF2232, ERROR_P1_Ls,807.9602, 26/1/2016 1:47:07 AM, False, Not Annotated, False,,,807.6055,0.3547
D8CF2232, ERROR_P1_Ls,808.0442, 26/1/2016 1:47:08 AM, False, Not Annotated, False,,,807.8858,0.1584
D8CF2232, ERROR_P1_Ls,808.1627, 26/1/2016 1:47:09 AM, False, Not Annotated, False,,,807.8858,0.2769
D8CF2232, ERROR_P1_Ls,808.2429, 26/1/2016 1:47:10 AM, False, Not Annotated, False,,,807.7256,0.5173
D8CF2232, ERROR_P1_Ls,808.2751, 26/1/2016 1:47:11 AM, False, Not Annotated, False,,,807.9659,0.3092
D8CF2232, ERROR_P1_Ls,808.3809, 26/1/2016 1:47:12 AM, False, Not Annotated, False,,,808.2463,0.1346
D8CF2232, ERROR_P1_Ls,808.4338, 26/1/2016 1:47:13 AM, False, Not Annotated, False,,,808.3264,0.1074
D8CF2232, ERROR_P1_Ls,808.6446, 26/1/2016 1:47:14 AM, False, Not Annotated, False,,,808.3264,0.3182
D8CF2232, ERROR_P1_Ls,808.7492, 26/1/2016 1:47:15 AM, False, Not Annotated, False,,,808.6469,0.1023
D8CF2232, ERROR_P1_Ls,808.9647, 26/1/2016 1:47:16 AM, False, Not Annotated, False,,,808.767,0.1977
D8CF2232, ERROR_P1_Ls,809.0696, 26/1/2016 1:47:17 AM, False, Not Annotated, False,,,808.8071,0.2625
D8CF2232, ERROR_P1_Ls,809.0696, 26/1/2016 1:47:18 AM, False, Not Annotated, False,,,809.3678,0.2982
D8CF2232, ERROR_P1_Ls,809.5389, 26/1/2016 1:47:19 AM, False, Not Annotated, False,,,809.7684,0.2295
D8CF2232, ERROR_P1_Ls,809.7702, 26/1/2016 1:47:20 AM, False, Not Annotated, False,,,809.7283,0.0419
D8CF2232, ERROR_P1_Ls,810.0042, 26/1/2016 1:47:21 AM, False, Not Annotated, False,,,810.0087,0.0045
D8CF2232, ERROR_P1_Ls,810.2031, 26/1/2016 1:47:22 AM, False, Not Annotated, False,,,810.0087,0.1944
D8CF2232, ERROR_P1_Ls,810.3418, 26/1/2016 1:47:23 AM, False, Not Annotated, False,,,810.0487,0.2931
D8CF2232, ERROR_P1_Ls,810.3443, 26/1/2016 1:47:24 AM, False, Not Annotated, False,,,809.7684,0.5759
D8CF2232, ERROR_P1_Ls,810.3342, 26/1/2016 1:47:25 AM, False, Not Annotated, False,,,809.8484,0.4858
D8CF2232, ERROR_P1_Ls,810.3342, 26/1/2016 1:47:26 AM, False, Not Annotated, False,,,809.6082,0.726
D8CF2232, ERROR_P1_Ls,810.3864, 26/1/2016 1:47:27 AM, False, Not Annotated, False,,,809.4078,0.9786
D8CF2232, ERROR_P1_Ls,810.2688, 26/1/2016 1:47:28 AM, False, Not Annotated, False,,,809.1675,1.1013
D8CF2232, ERROR_P1_Ls,810.1717, 26/1/2016 1:47:29 AM, False, Not Annotated, False,,,808.9272,1.2445
D8CF2232, ERROR_P1_Ls,810.0428, 26/1/2016 1:47:30 AM, False, Not Annotated, False,,,808.8471,1.1957
D8CF2232, ERROR_P1_Ls,809.871, 26/1/2016 1:47:31 AM, False, Not Annotated, False,,,808.6068,1.2642
D8CF2232, ERROR_P1_Ls,809.5841, 26/1/2016 1:47:32 AM, False, Not Annotated, False,,,808.3665,1.2176
D8CF2232, ERROR_P1_Ls,809.3022, 26/1/2016 1:47:33 AM, False, Not Annotated, False,,,807.8057,1.4965
D8CF2232, ERROR_P1_Ls,809.116, 26/1/2016 1:47:34 AM, False, Not Annotated, False,,,807.9659,1.1501
D8CF2232, ERROR_P1_Ls,808.7955, 26/1/2016 1:47:35 AM, False, Not Annotated, False,,,807.4052,1.3903
D8CF2232, ERROR_P1_Ls,808.7955, 26/1/2016 1:47:36 AM, False, Not Annotated, False,,,807.4853,1.3102
D8CF2232, ERROR_P1_Ls,808.4744, 26/1/2016 1:47:37 AM, False, Not Annotated, False,,,807.7657,0.7087
D8CF2232, ERROR_P1_Ls,808.4068, 26/1/2016 1:47:38 AM, False, Not Annotated, False,,,807.6855,0.7213
D8CF2232, ERROR_P1_Ls,808.4411, 26/1/2016 1:47:39 AM, False, Not Annotated, False,,,807.7657,0.6754
D8CF2232, ERROR_P1_Ls,808.407, 26/1/2016 1:47:40 AM, False, Not Annotated, False,,,807.6055,0.8015
D8CF2232, ERROR_P1_Ls,808.4291, 26/1/2016 1:47:41 AM, False, Not Annotated, False,,,807.8858,0.5433
D8CF2232, ERROR_P1_Ls,808.5042, 26/1/2016 1:47:42 AM, False, Not Annotated, False,,,808.2062,0.298
D8CF2232, ERROR_P1_Ls,808.5466, 26/1/2016 1:47:43 AM, False, Not Annotated, False,,,807.9258,0.6208
D8CF2232, ERROR_P1_Ls,808.59, 26/1/2016 1:47:44 AM, False, Not Annotated, False,,,807.9659,0.6241
D8CF2232, ERROR_P1_Ls,808.5853, 26/1/2016 1:47:45 AM, False, Not Annotated, False,,,808.2463,0.339
D8CF2232, ERROR_P1_Ls,808.6889, 26/1/2016 1:47:46 AM, False, Not Annotated, False,,,808.0861,0.6028
D8CF2232, ERROR_P1_Ls,808.6905, 26/1/2016 1:47:47 AM, False, Not Annotated, False,,,808.6068,0.0837
D8CF2232, ERROR_P1_Ls,808.8936, 26/1/2016 1:47:48 AM, False, Not Annotated, False,,,808.9272,0.0336
D8CF2232, ERROR_P1_Ls,809.0107, 26/1/2016 1:47:49 AM, False, Not Annotated, False,,,809.0073,0.0034
D8CF2232, ERROR_P1_Ls,806.2087, 26/1/2016 1:47:50 AM, False, Not Annotated, False,,,799.0073,7.2014
D8CF2232, ERROR_P1_Ls,804.2365, 26/1/2016 1:47:51 AM, False, Not Annotated, False,,,799.0073,5.2292
D8CF2232, ERROR_P1_Ls,802.8477, 26/1/2016 1:47:52 AM, False, Not Annotated, False,,,799.0073,3.8404
D8CF2232, ERROR_P1_Ls,801.8707, 26/1/2016 1:47:53 AM, False, Not Annotated, False,,,799.0073,2.8634
D8CF2232, ERROR_P1_Ls,801.8707, 26/1/2016 1:47:54 AM, False, Not Annotated, False,,,799.0073,2.8634
D8CF2232, ERROR_P1_Ls,801.1823, 26/1/2016 1:47:55 AM, False, Not Annotated, False,,,799.0073,2.175
D8CF2232, ERROR_P1_Ls,800.6969, 26/1/2016 1:47:56 AM, False, Not Annotated, False,,,799.0073,1.6896
D8CF2232, ERROR_P1_Ls,800.3555, 26/1/2016 1:47:57 AM, False, Not Annotated, False,,,799.0073,1.3482
D8CF2232, ERROR_P1_Ls,800.1154, 26/1/2016 1:47:58 AM, False, Not Annotated, False,,,799.0073,1.1081
D8CF2232, ERROR_P1_Ls,799.9492, 26/1/2016 1:47:59 AM, False, Not Annotated, False,,,799.0073,0.9419
D8CF2232, ERROR_P1_Ls,799.8322, 26/1/2016 1:48:00 AM, False, Not Annotated, False,,,799.0073,0.8249
D8CF2232, ERROR_P1_Ls,799.7499, 26/1/2016 1:48:01 AM, False, Not Annotated, False,,,799.0073,0.7426
D8CF2232, ERROR_P1_Ls,799.6932, 26/1/2016 1:48:02 AM, False, Not Annotated, False,,,799.0073,0.6859
D8CF2232, ERROR_P1_Ls,799.6555, 26/1/2016 1:48:03 AM, False, Not Annotated, False,,,799.0073,0.6482
D8CF2232, ERROR_P1_Ls,799.6292, 26/1/2016 1:48:04 AM, False, Not Annotated, False,,,799.0073,0.6219
D8CF2232, ERROR_P1_Ls,799.6104, 26/1/2016 1:48:05 AM, False, Not Annotated, False,,,799.0073,0.6031
D8CF2232, ERROR_P1_Ls,799.5971, 26/1/2016 1:48:06 AM, False, Not Annotated, False,,,799.0073,0.5898
D8CF2232, ERROR_P1_Ls,799.5886, 26/1/2016 1:48:07 AM, False, Not Annotated, False,,,799.0073,0.5813
D8CF2232, ERROR_P1_Ls,799.5816, 26/1/2016 1:48:08 AM, False, Not Annotated, False,,,799.0073,0.5743
D8CF2232, ERROR_P1_Ls,799.5768, 26/1/2016 1:48:09 AM, False, Not Annotated, False,,,799.0073,0.5695
D8CF2232, ERROR_P1_Ls,799.5715, 26/1/2016 1:48:10 AM, False, Not Annotated, False,,,799.0073,0.5642
D8CF2232, ERROR_P1_Ls,799.5665, 26/1/2016 1:48:11 AM, False, Not Annotated, False,,,799.0073,0.5592
D8CF2232, ERROR_P1_Ls,799.5631, 26/1/2016 1:48:12 AM, False, Not Annotated, False,,,799.0073,0.5558
D8CF2232, ERROR_P1_Ls,799.5612, 26/1/2016 1:48:13 AM, False, Not Annotated, False,,,799.0073,0.5539
D8CF2232, ERROR_P1_Ls,799.5594, 26/1/2016 1:48:14 AM, False, Not Annotated, False,,,799.0073,0.5521
D8CF2232, ERROR_P1_Ls,799.5581, 26/1/2016 1:48:15 AM, False, Not Annotated, False,,,799.0073,0.5508
D8CF2232, ERROR_P1_Ls,799.5572, 26/1/2016 1:48:16 AM, False, Not Annotated, False,,,799.0073,0.5499
D8CF2232, ERROR_P1_Ls,799.5579, 26/1/2016 1:48:17 AM, False, Not Annotated, False,,,799.0073,0.5506
D8CF2232, ERROR_P1_Ls,799.5587, 26/1/2016 1:48:18 AM, False, Not Annotated, False,,,799.0073,0.5514
D8CF2232, ERROR_P1_Ls,799.5587, 26/1/2016 1:48:19 AM, False, Not Annotated, False,,,799.0073,0.5514
D8CF2232, ERROR_P1_Ls,799.5655, 26/1/2016 1:48:20 AM, False, Not Annotated, False,,,799.0073,0.5582
D8CF2232, ERROR_P1_Ls,799.566, 26/1/2016 1:48:21 AM, False, Not Annotated, False,,,799.0073,0.5587
D8CF2232, ERROR_P1_Ls,799.5679, 26/1/2016 1:48:22 AM, False, Not Annotated, False,,,799.0073,0.5606
D8CF2232, ERROR_P1_Ls,799.5694, 26/1/2016 1:48:23 AM, False, Not Annotated, False,,,799.0073,0.5621
D8CF2232, ERROR_P1_Ls,799.5696, 26/1/2016 1:48:24 AM, False, Not Annotated, False,,,799.0073,0.5623
D8CF2232, ERROR_P1_Ls,799.5672, 26/1/2016 1:48:25 AM, False, Not Annotated, False,,,799.0073,0.5599
D8CF2232, ERROR_P1_Ls,799.5651, 26/1/2016 1:48:26 AM, False, Not Annotated, False,,,799.0073,0.5578
D8CF2232, ERROR_P1_Ls,799.5632, 26/1/2016 1:48:27 AM, False, Not Annotated, False,,,799.0073,0.5559
D8CF2232, ERROR_P1_Ls,799.5622, 26/1/2016 1:48:28 AM, False, Not Annotated, False,,,799.0073,0.5549
D8CF2232, ERROR_P1_Ls,799.5602, 26/1/2016 1:48:29 AM, False, Not Annotated, False,,,799.0073,0.5529
D8CF2232, ERROR_P1_Ls,799.5576, 26/1/2016 1:48:30 AM, False, Not Annotated, False,,,799.0073,0.5503
D8CF2232, ERROR_P1_Ls,799.5556, 26/1/2016 1:48:31 AM, False, Not Annotated, False,,,799.0073,0.5483
D8CF2232, ERROR_P1_Ls,799.5543, 26/1/2016 1:48:32 AM, False, Not Annotated, False,,,799.0073,0.547
D8CF2232, ERROR_P1_Ls,799.5543, 26/1/2016 1:48:33 AM, False, Not Annotated, False,,,799.0073,0.547
D8CF2232, ERROR_P1_Ls,799.5526, 26/1/2016 1:48:34 AM, False, Not Annotated, False,,,799.0073,0.5453
D8CF2232, ERROR_P1_Ls,799.5516, 26/1/2016 1:48:35 AM, False, Not Annotated, False,,,799.0073,0.5443
D8CF2232, ERROR_P1_Ls,799.5522, 26/1/2016 1:48:36 AM, False, Not Annotated, False,,,799.0073,0.5449
D8CF2232, ERROR_P1_Ls,799.5526, 26/1/2016 1:48:37 AM, False, Not Annotated, False,,,799.0073,0.5453
D8CF2232, ERROR_P1_Ls,799.5529, 26/1/2016 1:48:38 AM, False, Not Annotated, False,,,799.0073,0.5456
D8CF2232, ERROR_P1_Ls,799.5532, 26/1/2016 1:48:39 AM, False, Not Annotated, False,,,799.0073,0.5459
D8CF2232, ERROR_P1_Ls,799.5533, 26/1/2016 1:48:40 AM, False, Not Annotated, False,,,799.0073,0.546
D8CF2232, ERROR_P1_Ls,799.5523, 26/1/2016 1:48:41 AM, False, Not Annotated, False,,,799.0073,0.545
D8CF2232, ERROR_P1_Ls,799.5513, 26/1/2016 1:48:42 AM, False, Not Annotated, False,,,799.0073,0.544
D8CF2232, ERROR_P1_Ls,799.5507, 26/1/2016 1:48:43 AM, False, Not Annotated, False,,,799.0073,0.5434
D8CF2232, ERROR_P1_Ls,799.5502, 26/1/2016 1:48:44 AM, False, Not Annotated, False,,,799.0073,0.5429
D8CF2232, ERROR_P1_Ls,799.5516, 26/1/2016 1:48:45 AM, False, Not Annotated, False,,,799.0073,0.5443
D8CF2232, ERROR_P1_Ls,799.5516, 26/1/2016 1:48:46 AM, False, Not Annotated, False,,,799.0073,0.5443
D8CF2232, ERROR_P1_Ls,799.554, 26/1/2016 1:48:47 AM, False, Not Annotated, False,,,799.0073,0.5467
D8CF2232, ERROR_P1_Ls,799.5562, 26/1/2016 1:48:48 AM, False, Not Annotated, False,,,799.0073,0.5489
D8CF2232, ERROR_P1_Ls,799.5616, 26/1/2016 1:48:49 AM, False, Not Annotated, False,,,799.0073,0.5543
D8CF2232, ERROR_P1_Ls,799.5621, 26/1/2016 1:48:50 AM, False, Not Annotated, False,,,799.0073,0.5548
D8CF2232, ERROR_P1_Ls,799.5607, 26/1/2016 1:48:51 AM, False, Not Annotated, False,,,799.0073,0.5534
D8CF2232, ERROR_P1_Ls,799.5598, 26/1/2016 1:48:52 AM, False, Not Annotated, False,,,799.0073,0.5525
D8CF2232, ERROR_P1_Ls,799.5593, 26/1/2016 1:48:53 AM, False, Not Annotated, False,,,799.0073,0.552
D8CF2232, ERROR_P1_Ls,799.559, 26/1/2016 1:48:54 AM, False, Not Annotated, False,,,799.0073,0.5517
D8CF2232, ERROR_P1_Ls,799.5587, 26/1/2016 1:48:55 AM, False, Not Annotated, False,,,799.0073,0.5514
D8CF2232, ERROR_P1_Ls,799.5574, 26/1/2016 1:48:56 AM, False, Not Annotated, False,,,799.0073,0.5501
D8CF2232, ERROR_P1_Ls,799.5565, 26/1/2016 1:48:57 AM, False, Not Annotated, False,,,799.0073,0.5492
D8CF2232, ERROR_P1_Ls,799.5558, 26/1/2016 1:48:58 AM, False, Not Annotated, False,,,799.0073,0.5485
D8CF2232, ERROR_P1_Ls,799.5558, 26/1/2016 1:48:59 AM, False, Not Annotated, False,,,799.0073,0.5485
D8CF2232, ERROR_P1_Ls,799.5554, 26/1/2016 1:49:00 AM, False, Not Annotated, False,,,799.0073,0.5481
D8CF2232, ERROR_P1_Ls,799.5558, 26/1/2016 1:49:01 AM, False, Not Annotated, False,,,799.0073,0.5485
D8CF2232, ERROR_P1_Ls,799.5579, 26/1/2016 1:49:02 AM, False, Not Annotated, False,,,799.0073,0.5506
D8CF2232, ERROR_P1_Ls,799.5593, 26/1/2016 1:49:03 AM, False, Not Annotated, False,,,799.0073,0.552
D8CF2232, ERROR_P1_Ls,799.5593, 26/1/2016 1:49:04 AM, False, Not Annotated, False,,,799.0073,0.552
D8CF2232, ERROR_P1_Ls,799.5592, 26/1/2016 1:49:05 AM, False, Not Annotated, False,,,799.0073,0.5519
D8CF2232, ERROR_P1_Ls,799.5585, 26/1/2016 1:49:06 AM, False, Not Annotated, False,,,799.0073,0.5512
D8CF2232, ERROR_P1_Ls,799.5598, 26/1/2016 1:49:07 AM, False, Not Annotated, False,,,799.0073,0.5525
D8CF2232, ERROR_P1_Ls,799.5607, 26/1/2016 1:49:08 AM, False, Not Annotated, False,,,799.0073,0.5534
D8CF2232, ERROR_P1_Ls,799.5618, 26/1/2016 1:49:09 AM, False, Not Annotated, False,,,799.0073,0.5545
D8CF2232, ERROR_P1_Ls,799.5613, 26/1/2016 1:49:10 AM, False, Not Annotated, False,,,799.0073,0.554
D8CF2232, ERROR_P1_Ls,799.56, 26/1/2016 1:49:11 AM, False, Not Annotated, False,,,799.0073,0.5527
D8CF2232, ERROR_P1_Ls,799.5585, 26/1/2016 1:49:12 AM, False, Not Annotated, False,,,799.0073,0.5512
D8CF2232, ERROR_P1_Ls,799.5591, 26/1/2016 1:49:13 AM, False, Not Annotated, False,,,799.0073,0.5518
D8CF2232, ERROR_P1_Ls,799.5594, 26/1/2016 1:49:14 AM, False, Not Annotated, False,,,799.0073,0.5521
D8CF2232, ERROR_P1_Ls,799.5598, 26/1/2016 1:49:15 AM, False, Not Annotated, False,,,799.0073,0.5525
D8CF2232, ERROR_P1_Ls,799.5601, 26/1/2016 1:49:16 AM, False, Not Annotated, False,,,799.0073,0.5528
D8CF2232, ERROR_P1_Ls,799.5602, 26/1/2016 1:49:17 AM, False, Not Annotated, False,,,799.0073,0.5529
D8CF2232, ERROR_P1_Ls,799.5604, 26/1/2016 1:49:18 AM, False, Not Annotated, False,,,799.0073,0.5531
D8CF2232, ERROR_P1_Ls,799.5605, 26/1/2016 1:49:19 AM, False, Not Annotated, False,,,799.0073,0.5532
D8CF2232, ERROR_P1_Ls,799.5605, 26/1/2016 1:49:20 AM, False, Not Annotated, False,,,799.0073,0.5532
D8CF2232, ERROR_P1_Ls,799.5606, 26/1/2016 1:49:21 AM, False, Not Annotated, False,,,799.0073,0.5533
D8CF2232, ERROR_P1_Ls,799.5607, 26/1/2016 1:49:22 AM, False, Not Annotated, False,,,799.0073,0.5534
D8CF2232, ERROR_P1_Ls,799.5615, 26/1/2016 1:49:23 AM, False, Not Annotated, False,,,799.0073,0.5542
D8CF2232, ERROR_P1_Ls,799.5612, 26/1/2016 1:49:24 AM, False, Not Annotated, False,,,799.0073,0.5539
D8CF2232, ERROR_P1_Ls,799.5597, 26/1/2016 1:49:25 AM, False, Not Annotated, False,,,799.0073,0.5524
D8CF2232, ERROR_P1_Ls,799.5594, 26/1/2016 1:49:26 AM, False, Not Annotated, False,,,799.0073,0.5521
D8CF2232, ERROR_P1_Ls,799.5592, 26/1/2016 1:49:27 AM, False, Not Annotated, False,,,799.0073,0.5519
D8CF2232, ERROR_P1_Ls,799.5612, 26/1/2016 1:49:28 AM, False, Not Annotated, False,,,799.0073,0.5539
D8CF2232, ERROR_P1_Ls,799.5626, 26/1/2016 1:49:29 AM, False, Not Annotated, False,,,799.0073,0.5553
D8CF2232, ERROR_P1_Ls,799.5584, 26/1/2016 1:49:30 AM, False, Not Annotated, False,,,799.0073,0.5511
D8CF2232, ERROR_P1_Ls,799.5559, 26/1/2016 1:49:31 AM, False, Not Annotated, False,,,799.0073,0.5486
D8CF2232, ERROR_P1_Ls,799.5554, 26/1/2016 1:49:32 AM, False, Not Annotated, False,,,799.0073,0.5481
D8CF2232, ERROR_P1_Ls,799.5551, 26/1/2016 1:49:33 AM, False, Not Annotated, False,,,799.0073,0.5478
D8CF2232, ERROR_P1_Ls,799.5535, 26/1/2016 1:49:34 AM, False, Not Annotated, False,,,799.0073,0.5462
D8CF2232, ERROR_P1_Ls,799.5502, 26/1/2016 1:49:35 AM, False, Not Annotated, False,,,799.0073,0.5429
D8CF2232, ERROR_P1_Ls,799.5479, 26/1/2016 1:49:36 AM, False, Not Annotated, False,,,799.0073,0.5406
D8CF2232, ERROR_P1_Ls,799.5494, 26/1/2016 1:49:37 AM, False, Not Annotated, False,,,799.0073,0.5421
D8CF2232, ERROR_P1_Ls,799.5516, 26/1/2016 1:49:38 AM, False, Not Annotated, False,,,799.0073,0.5443
D8CF2232, ERROR_P1_Ls,799.5516, 26/1/2016 1:49:39 AM, False, Not Annotated, False,,,799.0073,0.5443
D8CF2232, ERROR_P1_Ls,799.5569, 26/1/2016 1:49:40 AM, False, Not Annotated, False,,,799.0073,0.5496
D8CF2232, ERROR_P1_Ls,799.5607, 26/1/2016 1:49:41 AM, False, Not Annotated, False,,,799.0073,0.5534
D8CF2232, ERROR_P1_Ls,799.5647, 26/1/2016 1:49:42 AM, False, Not Annotated, False,,,799.0073,0.5574
D8CF2232, ERROR_P1_Ls,799.5673, 26/1/2016 1:49:43 AM, False, Not Annotated, False,,,799.0073,0.56
D8CF2232, ERROR_P1_Ls,799.5684, 26/1/2016 1:49:44 AM, False, Not Annotated, False,,,799.0073,0.5611
D8CF2232, ERROR_P1_Ls,799.5692, 26/1/2016 1:49:45 AM, False, Not Annotated, False,,,799.0073,0.5619
D8CF2232, ERROR_P1_Ls,799.5697, 26/1/2016 1:49:46 AM, False, Not Annotated, False,,,799.0073,0.5624
D8CF2232, ERROR_P1_Ls,799.5699, 26/1/2016 1:49:47 AM, False, Not Annotated, False,,,799.0073,0.5626
D8CF2232, ERROR_P1_Ls,799.5693, 26/1/2016 1:49:48 AM, False, Not Annotated, False,,,799.0073,0.562
D8CF2232, ERROR_P1_Ls,799.5682, 26/1/2016 1:49:49 AM, False, Not Annotated, False,,,799.0073,0.5609
D8CF2232, ERROR_P1_Ls,796.6013, 26/1/2016 1:49:50 AM, False, Not Annotated, False,,,789.0073,7.594
D8CF2232, ERROR_P1_Ls,796.6013, 26/1/2016 1:49:51 AM, False, Not Annotated, False,,,789.0073,7.594
D8CF2232, ERROR_P1_Ls,796.6013, 26/1/2016 1:49:52 AM, False, Not Annotated, False,,,789.0073,7.594
D8CF2232, ERROR_P1_Ls,794.513, 26/1/2016 1:49:53 AM, False, Not Annotated, False,,,789.0073,5.5057
D8CF2232, ERROR_P1_Ls,793.0424, 26/1/2016 1:49:54 AM, False, Not Annotated, False,,,789.0073,4.0351
D8CF2232, ERROR_P1_Ls,792.0071, 26/1/2016 1:49:55 AM, False, Not Annotated, False,,,789.0073,2.9998
D8CF2232, ERROR_P1_Ls,791.2784, 26/1/2016 1:49:56 AM, False, Not Annotated, False,,,789.0073,2.2711
D8CF2232, ERROR_P1_Ls,790.7648, 26/1/2016 1:49:57 AM, False, Not Annotated, False,,,789.0073,1.7575
D8CF2232, ERROR_P1_Ls,790.4037, 26/1/2016 1:49:58 AM, False, Not Annotated, False,,,789.0073,1.3964
D8CF2232, ERROR_P1_Ls,790.1497, 26/1/2016 1:49:59 AM, False, Not Annotated, False,,,789.0073,1.1424
D8CF2232, ERROR_P1_Ls,789.9709, 26/1/2016 1:50:00 AM, False, Not Annotated, False,,,789.0073,0.9636
D8CF2232, ERROR_P1_Ls,789.8472, 26/1/2016 1:50:01 AM, False, Not Annotated, False,,,789.0073,0.8399
D8CF2232, ERROR_P1_Ls,789.7599, 26/1/2016 1:50:02 AM, False, Not Annotated, False,,,789.0073,0.7526
D8CF2232, ERROR_P1_Ls,789.6976, 26/1/2016 1:50:03 AM, False, Not Annotated, False,,,789.0073,0.6903
D8CF2232, ERROR_P1_Ls,789.621, 26/1/2016 1:50:04 AM, False, Not Annotated, False,,,789.0073,0.6137
D8CF2232, ERROR_P1_Ls,789.5987, 26/1/2016 1:50:05 AM, False, Not Annotated, False,,,789.0073,0.5914
D8CF2232, ERROR_P1_Ls,789.5831, 26/1/2016 1:50:06 AM, False, Not Annotated, False,,,789.0073,0.5758
D8CF2232, ERROR_P1_Ls,789.5717, 26/1/2016 1:50:07 AM, False, Not Annotated, False,,,789.0073,0.5644
D8CF2232, ERROR_P1_Ls,789.5629, 26/1/2016 1:50:08 AM, False, Not Annotated, False,,,789.0073,0.5556
D8CF2232, ERROR_P1_Ls,789.5568, 26/1/2016 1:50:09 AM, False, Not Annotated, False,,,789.0073,0.5495
D8CF2232, ERROR_P1_Ls,789.5553, 26/1/2016 1:50:10 AM, False, Not Annotated, False,,,789.0073,0.548
D8CF2232, ERROR_P1_Ls,789.5565, 26/1/2016 1:50:11 AM, False, Not Annotated, False,,,789.0073,0.5492
D8CF2232, ERROR_P1_Ls,789.5574, 26/1/2016 1:50:12 AM, False, Not Annotated, False,,,789.0073,0.5501
D8CF2232, ERROR_P1_Ls,789.5582, 26/1/2016 1:50:13 AM, False, Not Annotated, False,,,789.0073,0.5509
D8CF2232, ERROR_P1_Ls,789.5587, 26/1/2016 1:50:14 AM, False, Not Annotated, False,,,789.0073,0.5514
D8CF2232, ERROR_P1_Ls,789.5591, 26/1/2016 1:50:15 AM, False, Not Annotated, False,,,789.0073,0.5518
D8CF2232, ERROR_P1_Ls,789.5598, 26/1/2016 1:50:16 AM, False, Not Annotated, False,,,789.0073,0.5525
D8CF2232, ERROR_P1_Ls,789.5607, 26/1/2016 1:50:17 AM, False, Not Annotated, False,,,789.0073,0.5534
D8CF2232, ERROR_P1_Ls,789.5584, 26/1/2016 1:50:18 AM, False, Not Annotated, False,,,789.0073,0.5511
D8CF2232, ERROR_P1_Ls,789.556, 26/1/2016 1:50:19 AM, False, Not Annotated, False,,,789.0073,0.5487
D8CF2232, ERROR_P1_Ls,789.5544, 26/1/2016 1:50:20 AM, False, Not Annotated, False,,,789.0073,0.5471
D8CF2232, ERROR_P1_Ls,789.5532, 26/1/2016 1:50:21 AM, False, Not Annotated, False,,,789.0073,0.5459
D8CF2232, ERROR_P1_Ls,789.5524, 26/1/2016 1:50:22 AM, False, Not Annotated, False,,,789.0073,0.5451
D8CF2232, ERROR_P1_Ls,789.5518, 26/1/2016 1:50:23 AM, False, Not Annotated, False,,,789.0073,0.5445
D8CF2232, ERROR_P1_Ls,789.5516, 26/1/2016 1:50:24 AM, False, Not Annotated, False,,,789.0073,0.5443
D8CF2232, ERROR_P1_Ls,789.5522, 26/1/2016 1:50:25 AM, False, Not Annotated, False,,,789.0073,0.5449
D8CF2232, ERROR_P1_Ls,789.554, 26/1/2016 1:50:26 AM, False, Not Annotated, False,,,789.0073,0.5467
D8CF2232, ERROR_P1_Ls,789.5575, 26/1/2016 1:50:27 AM, False, Not Annotated, False,,,789.0073,0.5502
D8CF2232, ERROR_P1_Ls,789.5613, 26/1/2016 1:50:28 AM, False, Not Annotated, False,,,789.0073,0.554
D8CF2232, ERROR_P1_Ls,789.564, 26/1/2016 1:50:29 AM, False, Not Annotated, False,,,789.0073,0.5567
D8CF2232, ERROR_P1_Ls,789.5659, 26/1/2016 1:50:30 AM, False, Not Annotated, False,,,789.0073,0.5586
D8CF2232, ERROR_P1_Ls,789.5685, 26/1/2016 1:50:31 AM, False, Not Annotated, False,,,789.0073,0.5612
D8CF2232, ERROR_P1_Ls,789.5707, 26/1/2016 1:50:32 AM, False, Not Annotated, False,,,789.0073,0.5634
D8CF2232, ERROR_P1_Ls,789.5725, 26/1/2016 1:50:33 AM, False, Not Annotated, False,,,789.0073,0.5652
D8CF2232, ERROR_P1_Ls,789.5732, 26/1/2016 1:50:34 AM, False, Not Annotated, False,,,789.0073,0.5659
D8CF2232, ERROR_P1_Ls,789.5733, 26/1/2016 1:50:35 AM, False, Not Annotated, False,,,789.0073,0.566
D8CF2232, ERROR_P1_Ls,789.5728, 26/1/2016 1:50:36 AM, False, Not Annotated, False,,,789.0073,0.5655
D8CF2232, ERROR_P1_Ls,789.5715, 26/1/2016 1:50:37 AM, False, Not Annotated, False,,,789.0073,0.5642
D8CF2232, ERROR_P1_Ls,789.5706, 26/1/2016 1:50:38 AM, False, Not Annotated, False,,,789.0073,0.5633
D8CF2232, ERROR_P1_Ls,789.5699, 26/1/2016 1:50:39 AM, False, Not Annotated, False,,,789.0073,0.5626
D8CF2232, ERROR_P1_Ls,789.5687, 26/1/2016 1:50:40 AM, False, Not Annotated, False,,,789.0073,0.5614
D8CF2232, ERROR_P1_Ls,789.5678, 26/1/2016 1:50:41 AM, False, Not Annotated, False,,,789.0073,0.5605
D8CF2232, ERROR_P1_Ls,789.5703, 26/1/2016 1:50:42 AM, False, Not Annotated, False,,,789.0073,0.563
D8CF2232, ERROR_P1_Ls,789.5703, 26/1/2016 1:50:43 AM, False, Not Annotated, False,,,789.0073,0.563
D8CF2232, ERROR_P1_Ls,789.5705, 26/1/2016 1:50:44 AM, False, Not Annotated, False,,,789.0073,0.5632
D8CF2232, ERROR_P1_Ls,789.5706, 26/1/2016 1:50:45 AM, False, Not Annotated, False,,,789.0073,0.5633
D8CF2232, ERROR_P1_Ls,789.5704, 26/1/2016 1:50:46 AM, False, Not Annotated, False,,,789.0073,0.5631
D8CF2232, ERROR_P1_Ls,789.5692, 26/1/2016 1:50:47 AM, False, Not Annotated, False,,,789.0073,0.5619
D8CF2232, ERROR_P1_Ls,789.5684, 26/1/2016 1:50:48 AM, False, Not Annotated, False,,,789.0073,0.5611
D8CF2232, ERROR_P1_Ls,789.5678, 26/1/2016 1:50:49 AM, False, Not Annotated, False,,,789.0073,0.5605
D8CF2232, ERROR_P1_Ls,789.5663, 26/1/2016 1:50:50 AM, False, Not Annotated, False,,,789.0073,0.559
D8CF2232, ERROR_P1_Ls,789.5645, 26/1/2016 1:50:51 AM, False, Not Annotated, False,,,789.0073,0.5572
D8CF2232, ERROR_P1_Ls,789.5636, 26/1/2016 1:50:52 AM, False, Not Annotated, False,,,789.0073,0.5563
D8CF2232, ERROR_P1_Ls,789.5637, 26/1/2016 1:50:53 AM, False, Not Annotated, False,,,789.0073,0.5564
D8CF2232, ERROR_P1_Ls,789.5638, 26/1/2016 1:50:54 AM, False, Not Annotated, False,,,789.0073,0.5565
D8CF2232, ERROR_P1_Ls,789.5631, 26/1/2016 1:50:55 AM, False, Not Annotated, False,,,789.0073,0.5558
D8CF2232, ERROR_P1_Ls,789.5622, 26/1/2016 1:50:56 AM, False, Not Annotated, False,,,789.0073,0.5549
D8CF2232, ERROR_P1_Ls,789.5646, 26/1/2016 1:50:57 AM, False, Not Annotated, False,,,789.0073,0.5573
D8CF2232, ERROR_P1_Ls,789.5659, 26/1/2016 1:50:58 AM, False, Not Annotated, False,,,789.0073,0.5586
D8CF2232, ERROR_P1_Ls,789.5668, 26/1/2016 1:50:59 AM, False, Not Annotated, False,,,789.0073,0.5595
D8CF2232, ERROR_P1_Ls,789.5706, 26/1/2016 1:51:00 AM, False, Not Annotated, False,,,789.0073,0.5633
D8CF2232, ERROR_P1_Ls,789.5735, 26/1/2016 1:51:01 AM, False, Not Annotated, False,,,789.0073,0.5662
D8CF2232, ERROR_P1_Ls,789.5747, 26/1/2016 1:51:02 AM, False, Not Annotated, False,,,789.0073,0.5674
D8CF2232, ERROR_P1_Ls,789.5745, 26/1/2016 1:51:03 AM, False, Not Annotated, False,,,789.0073,0.5672
D8CF2232, ERROR_P1_Ls,789.5731, 26/1/2016 1:51:04 AM, False, Not Annotated, False,,,789.0073,0.5658
D8CF2232, ERROR_P1_Ls,789.5737, 26/1/2016 1:51:05 AM, False, Not Annotated, False,,,789.0073,0.5664
D8CF2232, ERROR_P1_Ls,789.575, 26/1/2016 1:51:06 AM, False, Not Annotated, False,,,789.0073,0.5677
D8CF2232, ERROR_P1_Ls,789.5736, 26/1/2016 1:51:07 AM, False, Not Annotated, False,,,789.0073,0.5663
D8CF2232, ERROR_P1_Ls,789.5715, 26/1/2016 1:51:08 AM, False, Not Annotated, False,,,789.0073,0.5642
D8CF2232, ERROR_P1_Ls,789.5714, 26/1/2016 1:51:09 AM, False, Not Annotated, False,,,789.0073,0.5641
D8CF2232, ERROR_P1_Ls,789.5716, 26/1/2016 1:51:10 AM, False, Not Annotated, False,,,789.0073,0.5643
D8CF2232, ERROR_P1_Ls,789.5718, 26/1/2016 1:51:11 AM, False, Not Annotated, False,,,789.0073,0.5645
D8CF2232, ERROR_P1_Ls,789.5707, 26/1/2016 1:51:12 AM, False, Not Annotated, False,,,789.0073,0.5634
D8CF2232, ERROR_P1_Ls,789.5681, 26/1/2016 1:51:13 AM, False, Not Annotated, False,,,789.0073,0.5608
D8CF2232, ERROR_P1_Ls,789.5634, 26/1/2016 1:51:14 AM, False, Not Annotated, False,,,789.0073,0.5561
D8CF2232, ERROR_P1_Ls,789.5605, 26/1/2016 1:51:15 AM, False, Not Annotated, False,,,789.0073,0.5532
D8CF2232, ERROR_P1_Ls,789.5585, 26/1/2016 1:51:16 AM, False, Not Annotated, False,,,789.0073,0.5512
D8CF2232, ERROR_P1_Ls,789.5558, 26/1/2016 1:51:17 AM, False, Not Annotated, False,,,789.0073,0.5485
D8CF2232, ERROR_P1_Ls,789.5538, 26/1/2016 1:51:18 AM, False, Not Annotated, False,,,789.0073,0.5465
D8CF2232, ERROR_P1_Ls,789.5517, 26/1/2016 1:51:19 AM, False, Not Annotated, False,,,789.0073,0.5444
D8CF2232, ERROR_P1_Ls,789.5509, 26/1/2016 1:51:20 AM, False, Not Annotated, False,,,789.0073,0.5436
D8CF2232, ERROR_P1_Ls,789.5523, 26/1/2016 1:51:21 AM, False, Not Annotated, False,,,789.0073,0.545
D8CF2232, ERROR_P1_Ls,789.5538, 26/1/2016 1:51:22 AM, False, Not Annotated, False,,,789.0073,0.5465
D8CF2232, ERROR_P1_Ls,789.5565, 26/1/2016 1:51:23 AM, False, Not Annotated, False,,,789.0073,0.5492
D8CF2232, ERROR_P1_Ls,789.5565, 26/1/2016 1:51:24 AM, False, Not Annotated, False,,,789.0073,0.5492
D8CF2232, ERROR_P1_Ls,789.5583, 26/1/2016 1:51:25 AM, False, Not Annotated, False,,,789.0073,0.551
D8CF2232, ERROR_P1_Ls,789.5566, 26/1/2016 1:51:26 AM, False, Not Annotated, False,,,789.0073,0.5493
D8CF2232, ERROR_P1_Ls,789.5547, 26/1/2016 1:51:27 AM, False, Not Annotated, False,,,789.0073,0.5474
D8CF2232, ERROR_P1_Ls,789.5522, 26/1/2016 1:51:28 AM, False, Not Annotated, False,,,789.0073,0.5449
D8CF2232, ERROR_P1_Ls,789.5497, 26/1/2016 1:51:29 AM, False, Not Annotated, False,,,789.0073,0.5424
D8CF2232, ERROR_P1_Ls,789.5508, 26/1/2016 1:51:30 AM, False, Not Annotated, False,,,789.0073,0.5435
D8CF2232, ERROR_P1_Ls,789.553, 26/1/2016 1:51:31 AM, False, Not Annotated, False,,,789.0073,0.5457
D8CF2232, ERROR_P1_Ls,789.5545, 26/1/2016 1:51:32 AM, False, Not Annotated, False,,,789.0073,0.5472
D8CF2232, ERROR_P1_Ls,789.5555, 26/1/2016 1:51:33 AM, False, Not Annotated, False,,,789.0073,0.5482
D8CF2232, ERROR_P1_Ls,789.5567, 26/1/2016 1:51:34 AM, False, Not Annotated, False,,,789.0073,0.5494
D8CF2232, ERROR_P1_Ls,789.5598, 26/1/2016 1:51:35 AM, False, Not Annotated, False,,,789.0073,0.5525
D8CF2232, ERROR_P1_Ls,789.5613, 26/1/2016 1:51:36 AM, False, Not Annotated, False,,,789.0073,0.554
D8CF2232, ERROR_P1_Ls,789.5617, 26/1/2016 1:51:37 AM, False, Not Annotated, False,,,789.0073,0.5544
D8CF2232, ERROR_P1_Ls,789.5626, 26/1/2016 1:51:38 AM, False, Not Annotated, False,,,789.0073,0.5553
D8CF2232, ERROR_P1_Ls,789.5649, 26/1/2016 1:51:39 AM, False, Not Annotated, False,,,789.0073,0.5576
D8CF2232, ERROR_P1_Ls,789.5673, 26/1/2016 1:51:40 AM, False, Not Annotated, False,,,789.0073,0.56
D8CF2232, ERROR_P1_Ls,789.5693, 26/1/2016 1:51:41 AM, False, Not Annotated, False,,,789.0073,0.562
D8CF2232, ERROR_P1_Ls,789.5707, 26/1/2016 1:51:42 AM, False, Not Annotated, False,,,789.0073,0.5634
D8CF2232, ERROR_P1_Ls,789.5717, 26/1/2016 1:51:43 AM, False, Not Annotated, False,,,789.0073,0.5644
D8CF2232, ERROR_P1_Ls,789.5728, 26/1/2016 1:51:44 AM, False, Not Annotated, False,,,789.0073,0.5655
D8CF2232, ERROR_P1_Ls,789.5698, 26/1/2016 1:51:45 AM, False, Not Annotated, False,,,789.0073,0.5625
D8CF2232, ERROR_P1_Ls,789.5654, 26/1/2016 1:51:46 AM, False, Not Annotated, False,,,789.0073,0.5581
D8CF2232, ERROR_P1_Ls,789.5585, 26/1/2016 1:51:47 AM, False, Not Annotated, False,,,789.0073,0.5512
D8CF2232, ERROR_P1_Ls,789.5521, 26/1/2016 1:51:48 AM, False, Not Annotated, False,,,789.0073,0.5448
D8CF2232, ERROR_P1_Ls,789.5461, 26/1/2016 1:51:49 AM, False, Not Annotated, False,,,789.0073,0.5388
D8CF2232, ERROR_P1_Ls,789.5412, 26/1/2016 1:51:50 AM, False, Not Annotated, False,,,779.0073,10.5339
D8CF2232, ERROR_P1_Ls,789.5377, 26/1/2016 1:51:51 AM, False, Not Annotated, False,,,779.0073,10.5304
D8CF2232, ERROR_P1_Ls,786.5712, 26/1/2016 1:51:52 AM, False, Not Annotated, False,,,779.0073,7.5639
D8CF2232, ERROR_P1_Ls,784.4867, 26/1/2016 1:51:53 AM, False, Not Annotated, False,,,779.0073,5.4794
D8CF2232, ERROR_P1_Ls,783.0224, 26/1/2016 1:51:54 AM, False, Not Annotated, False,,,779.0073,4.0151
D8CF2232, ERROR_P1_Ls,781.2691, 26/1/2016 1:51:55 AM, False, Not Annotated, False,,,779.0073,2.2618
D8CF2232, ERROR_P1_Ls,780.761, 26/1/2016 1:51:56 AM, False, Not Annotated, False,,,779.0073,1.7537
D8CF2232, ERROR_P1_Ls,780.4036, 26/1/2016 1:51:57 AM, False, Not Annotated, False,,,779.0073,1.3963
D8CF2232, ERROR_P1_Ls,780.1523, 26/1/2016 1:51:58 AM, False, Not Annotated, False,,,779.0073,1.145
D8CF2232, ERROR_P1_Ls,779.9761, 26/1/2016 1:51:59 AM, False, Not Annotated, False,,,779.0073,0.9688
